Price,EMA1,MACD,RSI
182.92,182.8,1.11,59.41
182.89,182.82,1.01,59.25
182.36,182.73,0.87,56.37
183.48,182.87,0.85,60.7
183.52,182.99,0.83,60.85
183.64,183.11,0.81,61.32
184.14,183.29,0.82,63.29
181.69,183.0,0.6,49.94
183.67,183.12,0.6,57.67
184.66,183.4,0.68,60.9
184.42,183.59,0.7,59.72
183.64,183.6,0.64,55.93
184.18,183.7,0.63,57.91
184.3,183.81,0.62,58.36
182.79,183.63,0.47,51.06
178.89,182.76,0.02,37.94
178.01,181.9,-0.4,35.72
179.07,181.39,-0.6,40.23
177.35,180.65,-0.89,35.86
179.23,180.39,-0.93,43.1
178.18,179.99,-1.04,40.37
174.17,178.93,-1.44,32.07
175.39,178.29,-1.61,36.34
175.17,177.72,-1.73,35.9
177.48,177.68,-1.58,43.52
179.68,178.04,-1.26,49.64
180.01,178.4,-0.97,50.5
181.98,179.05,-0.57,55.38
182.07,179.6,-0.25,55.59
183.01,180.22,0.07,57.86
184.02,180.91,0.39,60.19
184.24,181.52,0.64,60.7
183.02,181.79,0.71,56.42
184.1,182.21,0.84,59.15
183.89,182.52,0.91,58.39
184.91,182.95,1.03,61.01
184.84,183.29,1.09,60.73
184.85,183.58,1.13,60.75
185.82,183.98,1.21,63.43
186.29,184.4,1.3,64.68
184.98,184.51,1.22,58.69
187.58,185.07,1.37,65.49
187.75,185.55,1.47,65.88
188.18,186.03,1.56,66.9
188.26,186.44,1.61,67.1
188.16,186.75,1.6,66.57
187.23,186.84,1.49,61.72
187.28,186.92,1.39,61.88
185.18,186.6,1.1,52.08
184.66,186.25,0.83,49.98
186.33,186.26,0.76,56.07
187.66,186.52,0.81,60.21
186.66,186.54,0.74,55.97
187.75,186.76,0.78,59.32
186.2,186.66,0.65,53.15
185.43,186.44,0.49,50.37
186.31,186.41,0.43,53.36
184.97,186.15,0.26,48.58
184.58,185.87,0.1,47.26
185.49,185.8,0.06,50.62
187.01,186.02,0.16,55.66
188.25,186.42,0.34,59.3
188.88,186.87,0.52,61.04
188.63,187.19,0.62,59.95
186.4,187.05,0.49,51.22
184.34,186.55,0.21,44.76
185.1,186.29,0.07,47.38
187.09,186.44,0.13,53.56
183.16,185.84,-0.17,42.9
181.51,185.05,-0.53,39.37
182.94,184.67,-0.66,43.67
184.2,184.58,-0.64,47.21
186.13,184.86,-0.44,52.14
186.39,185.14,-0.27,52.77
187.04,185.49,-0.08,54.4
187.89,185.92,0.14,56.49
187.45,186.2,0.26,55.09
187.83,186.5,0.37,56.1
186.29,186.46,0.32,51.11
186.88,186.54,0.33,52.83
187.75,186.76,0.4,55.32
188.31,187.04,0.5,56.88
188.33,187.27,0.56,56.94
188.06,187.42,0.58,55.86
188.42,187.6,0.61,57.03
186.78,187.45,0.48,50.51
187.88,187.53,0.47,54.26
187.68,187.56,0.44,53.47
187.96,187.63,0.43,54.47
189.79,188.02,0.58,60.4
189.96,188.37,0.69,60.91
189.06,188.5,0.68,56.79
187.4,188.3,0.52,50.08
188.05,188.25,0.45,52.44
188.74,188.34,0.45,54.86
187.55,188.2,0.34,50.14
189.13,188.37,0.39,55.58
189.59,188.59,0.46,57.04
190.35,188.91,0.57,59.4
191.52,189.38,0.74,62.78
191.38,189.75,0.84,62.12
192.37,190.22,0.99,64.92
192.68,190.67,1.11,65.77
192.9,191.08,1.19,66.39
192.8,191.39,1.23,65.81
193.19,191.72,1.27,67.02
194.45,192.21,1.38,70.6
195.38,192.79,1.53,72.93
195.58,193.3,1.62,73.41
195.6,193.72,1.67,73.46
194.92,193.93,1.61,68.67
193.54,193.86,1.43,60.14
194.13,193.91,1.31,62.29
194.29,193.98,1.22,62.87
194.83,194.13,1.18,64.83
196.26,194.52,1.25,69.41
196.48,194.88,1.3,70.05
195.94,195.07,1.27,66.38
195.88,195.22,1.22,65.97
194.7,195.12,1.06,58.35
195.58,195.21,1.0,61.87
195.44,195.25,0.92,60.99
195.82,195.35,0.88,62.54
195.72,195.42,0.83,61.85
197.03,195.71,0.89,66.97
197.23,195.99,0.94,67.68
198.2,196.39,1.04,70.93
197.51,196.59,1.04,65.88
196.24,196.53,0.91,57.78
197.12,196.64,0.87,61.31
196.34,196.58,0.76,56.8
196.61,196.59,0.69,57.95
197.6,196.77,0.72,61.92
197.23,196.86,0.69,59.66
197.96,197.06,0.72,62.55
195.71,196.81,0.53,50.59
197.71,196.97,0.56,58.2
197.34,197.04,0.54,56.48
198.2,197.25,0.59,59.47
198.64,197.5,0.65,60.94
198.65,197.71,0.69,60.97
197.72,197.71,0.62,56.04
197.8,197.73,0.57,56.37
196.95,197.59,0.45,51.99
196.98,197.48,0.35,52.13
193.09,196.68,-0.06,37.05
192.5,195.92,-0.42,35.39
193.89,195.55,-0.55,41.96
192.01,194.91,-0.81,36.57
192.07,194.39,-0.97,36.85
191.03,193.78,-1.17,34.08
193.24,193.68,-1.11,43.71
193.8,193.7,-0.99,45.86
193.53,193.67,-0.91,44.97
194.84,193.88,-0.72,50.0
195.76,194.23,-0.49,53.21
195.72,194.5,-0.32,53.05
197.36,195.02,-0.04,58.5
198.39,195.63,0.26,61.5
198.92,196.23,0.52,62.98
199.5,196.82,0.75,64.57
199.19,197.25,0.88,63.02
200.2,197.79,1.06,65.88
200.33,198.25,1.17,66.25
200.25,198.61,1.24,65.79
200.14,198.89,1.25,65.12
200.71,199.22,1.29,66.97
200.61,199.47,1.29,66.31
200.5,199.66,1.25,65.55
200.21,199.76,1.18,63.48
201.11,200.01,1.18,66.95
200.59,200.11,1.12,63.24
199.32,199.97,0.95,55.23
200.07,199.99,0.87,58.55
200.3,200.04,0.81,59.54
199.13,199.88,0.65,52.7
198.98,199.71,0.51,51.88
200.48,199.85,0.53,58.74
200.75,200.02,0.56,59.85
201.82,200.34,0.66,63.95
200.7,200.41,0.63,57.38
199.15,200.18,0.46,49.8
198.01,199.79,0.23,45.1
199.56,199.74,0.19,51.73
196.34,199.13,-0.13,40.77
197.9,198.9,-0.22,46.64
197.54,198.65,-0.32,45.52
197.02,198.36,-0.43,43.9
194.35,197.63,-0.73,36.69
194.38,197.04,-0.95,36.82
196.52,196.94,-0.9,45.09
196.29,196.83,-0.87,44.42
193.26,196.18,-1.1,36.72
196.64,196.26,-0.95,47.58
192.74,195.62,-1.17,39.25
190.54,194.7,-1.5,35.5
187.41,193.37,-1.98,30.98
187.7,192.34,-2.29,31.84
186.43,191.27,-2.58,30.08
186.27,190.36,-2.77,29.86
188.47,190.01,-2.67,36.76
190.3,190.07,-2.39,41.86
194.07,190.79,-1.81,50.65
192.69,191.14,-1.48,47.81
194.93,191.83,-1.01,52.44
196.43,192.66,-0.51,55.28
196.16,193.3,-0.16,54.65
198.41,194.23,0.3,58.84
198.11,194.93,0.6,58.08
199.38,195.74,0.93,60.42
201.66,196.82,1.35,64.25
201.77,197.72,1.65,64.43
201.07,198.33,1.79,62.31
202.34,199.06,1.96,64.58
203.15,199.8,2.13,65.97
203.34,200.45,2.23,66.31
203.98,201.09,2.33,67.46
204.18,201.65,2.37,67.83
203.96,202.07,2.35,66.94
204.19,202.46,2.31,67.42
204.24,202.78,2.24,67.53
204.37,203.07,2.17,67.83
205.55,203.52,2.17,70.5
205.22,203.83,2.11,68.79
205.58,204.15,2.07,69.65
206.68,204.61,2.09,72.16
207.26,205.09,2.12,73.41
207.11,205.46,2.09,72.51
207.64,205.85,2.08,73.73
207.2,206.1,2.0,70.93
205.76,206.04,1.78,62.61
207.09,206.23,1.7,66.5
207.89,206.53,1.68,68.61
207.66,206.74,1.62,67.3
208.0,206.97,1.58,68.26
206.61,206.9,1.39,60.52
206.47,206.82,1.22,59.79
203.16,206.16,0.79,45.78
204.19,205.8,0.55,49.71
200.89,204.91,0.07,39.8
199.51,203.93,-0.41,36.54
197.91,202.83,-0.89,33.17
201.79,202.64,-0.89,46.1
206.78,203.39,-0.45,57.45
206.52,203.96,-0.14,56.79
207.47,204.6,0.18,58.67
207.75,205.17,0.44,59.23
207.77,205.65,0.62,59.27
208.44,206.15,0.8,60.73
208.72,206.62,0.95,61.35
207.6,206.8,0.94,57.46
205.54,206.57,0.74,51.07
205.43,206.36,0.57,50.75
201.72,205.52,0.12,41.32
199.82,204.48,-0.39,37.5
202.31,204.09,-0.54,44.68
205.9,204.42,-0.33,53.03
204.25,204.39,-0.31,49.36
202.65,204.07,-0.43,46.05
202.08,203.71,-0.56,44.9
200.86,203.19,-0.76,42.47
199.02,202.43,-1.05,39.06
201.63,202.29,-1.02,45.7
202.06,202.25,-0.94,46.72
203.08,202.4,-0.78,49.16
206.1,203.07,-0.38,55.6
204.97,203.42,-0.18,52.91
205.45,203.79,0.01,53.92
202.74,203.6,-0.08,47.71
200.14,202.97,-0.37,42.66
201.99,202.79,-0.42,46.94
199.45,202.18,-0.67,42.29
201.92,202.13,-0.63,47.69
204.84,202.63,-0.33,53.23
204.06,202.89,-0.18,51.66
206.12,203.47,0.12,55.38
205.55,203.85,0.29,54.15
204.63,203.99,0.33,52.14
206.81,204.51,0.54,56.26
206.93,204.95,0.7,56.48
208.92,205.67,0.98,60.06
209.78,206.42,1.24,61.53
210.11,207.09,1.44,62.1
210.13,207.64,1.57,62.14
209.98,208.07,1.62,61.66
211.24,208.64,1.74,64.14
211.21,209.11,1.8,64.04
211.81,209.6,1.86,65.26
211.63,209.97,1.86,64.56
211.38,210.23,1.8,63.53
210.66,210.31,1.67,60.56
211.99,210.61,1.66,63.9
211.12,210.7,1.54,60.32
210.23,210.62,1.35,56.83
210.46,210.59,1.21,57.51
207.5,210.03,0.83,47.24
208.36,209.72,0.61,50.02
204.98,208.86,0.14,40.94
204.5,208.07,-0.25,39.84
207.1,207.89,-0.31,47.96
205.83,207.52,-0.46,44.79
208.58,207.71,-0.33,52.12
207.96,207.76,-0.27,50.5
210.46,208.25,-0.01,56.36
209.5,208.48,0.1,53.74
210.41,208.83,0.25,55.82
210.0,209.04,0.33,54.64
208.82,209.0,0.28,51.27
205.76,208.41,-0.03,43.78
205.27,207.84,-0.3,42.71
205.74,207.46,-0.45,44.12
208.25,207.6,-0.34,50.99
206.43,207.39,-0.41,46.54
205.7,207.08,-0.51,44.86
206.44,206.97,-0.52,46.94
207.83,207.12,-0.4,50.69
207.28,207.15,-0.35,49.22
207.98,207.3,-0.24,51.15
208.9,207.59,-0.08,53.64
210.04,208.04,0.14,56.58
209.09,208.23,0.22,53.55
209.49,208.46,0.31,54.65
210.43,208.82,0.45,57.19
210.37,209.1,0.54,56.97
207.95,208.89,0.39,48.9
209.85,209.06,0.43,54.34
209.6,209.16,0.44,53.54
210.63,209.43,0.53,56.38
211.16,209.74,0.62,57.81
211.65,210.09,0.73,59.13
210.77,210.21,0.72,55.77
211.44,210.44,0.76,57.73
210.57,210.46,0.7,54.37
208.46,210.1,0.46,47.24
210.72,210.21,0.47,54.14
211.32,210.41,0.52,55.79
208.9,210.14,0.34,48.3
208.04,209.76,0.12,45.95
208.87,209.59,0.04,48.54
211.62,209.96,0.21,56.02
210.61,210.08,0.24,52.99
209.98,210.06,0.21,51.14
210.02,210.05,0.19,51.25
212.21,210.45,0.36,57.2
212.44,210.81,0.5,57.78
213.1,211.23,0.65,59.46
213.03,211.55,0.74,59.19
212.88,211.79,0.79,58.59
213.5,212.1,0.86,60.39
212.99,212.27,0.85,58.16
210.7,211.98,0.64,49.39
212.7,212.11,0.64,55.65
212.46,212.18,0.61,54.78
211.14,211.99,0.46,50.15
211.57,211.91,0.38,51.58
211.36,211.81,0.3,50.81
211.92,211.83,0.28,52.81
210.13,211.52,0.1,46.38
209.77,211.2,-0.06,45.19
208.48,210.71,-0.29,41.15
208.45,210.3,-0.46,41.06
210.95,210.42,-0.36,50.82
211.63,210.64,-0.22,53.08
210.01,210.52,-0.25,47.5
209.11,210.27,-0.35,44.7
210.25,210.26,-0.32,48.8
210.59,210.32,-0.26,49.98
212.78,210.77,-0.02,56.86
210.81,210.78,-0.02,50.2
211.89,210.98,0.08,53.41
212.04,211.17,0.17,53.85
210.5,211.05,0.09,48.76
209.86,210.83,-0.02,46.8
209.82,210.65,-0.11,46.67
205.42,209.7,-0.55,35.42
205.85,209.0,-0.83,37.01
207.5,208.73,-0.88,42.8
207.31,208.47,-0.92,42.32
206.72,208.15,-0.98,40.8
208.02,208.13,-0.9,45.43
204.53,207.47,-1.13,37.08
204.9,207.01,-1.24,38.37
207.48,207.09,-1.08,46.54
209.77,207.58,-0.75,52.52
210.68,208.14,-0.41,54.68
210.61,208.59,-0.16,54.47
212.3,209.27,0.18,58.48
212.48,209.85,0.44,58.9
212.59,210.35,0.64,59.16
211.75,210.6,0.7,56.19
211.37,210.74,0.7,54.85
210.18,210.64,0.58,50.79
208.0,210.16,0.3,44.35
206.79,209.55,-0.02,41.25
209.33,209.51,-0.04,49.25
210.77,209.74,0.07,53.12
210.82,209.93,0.16,53.26
210.5,210.04,0.19,52.24
209.79,209.99,0.15,49.98
209.38,209.88,0.09,48.67
210.07,209.92,0.1,50.98
208.35,209.63,-0.05,45.51
207.95,209.33,-0.19,44.33
210.57,209.55,-0.06,52.93
208.67,209.39,-0.13,47.26
208.92,209.31,-0.16,48.04
208.66,209.19,-0.2,47.26
209.42,209.23,-0.16,49.82
210.59,209.48,-0.03,53.54
209.98,209.57,0.02,51.41
208.32,209.34,-0.09,46.07
203.97,208.37,-0.55,35.66
197.83,206.45,-1.41,26.57
189.5,203.37,-2.74,19.39
187.27,200.44,-3.88,18.0
194.46,199.35,-4.02,34.32
199.27,199.34,-3.65,42.52
199.28,199.33,-3.31,42.53
197.67,199.03,-3.13,40.59
191.77,197.71,-3.46,34.41
195.41,197.29,-3.33,40.41
195.55,196.97,-3.17,40.63
192.59,196.18,-3.24,37.44
197.43,196.4,-2.83,45.0
194.79,196.11,-2.7,42.03
195.85,196.06,-2.46,43.63
196.74,196.19,-2.17,45.0
196.01,196.15,-1.98,44.06
198.46,196.57,-1.59,47.96
200.18,197.23,-1.13,50.55
199.73,197.68,-0.8,49.85
195.45,197.28,-0.92,43.72
196.46,197.13,-0.9,45.42
193.91,196.54,-1.1,41.99
193.6,196.01,-1.25,41.58
192.9,195.44,-1.4,40.62
192.85,194.97,-1.49,40.55
188.01,193.71,-1.95,34.3
188.12,192.69,-2.25,34.55
191.63,192.5,-2.12,41.97
192.13,192.43,-1.95,42.95
195.0,192.9,-1.55,48.36
198.47,193.91,-0.92,54.0
197.79,194.62,-0.49,52.79
199.41,195.49,-0.03,55.35
201.21,196.53,0.47,58.05
201.33,197.4,0.84,58.23
201.52,198.15,1.12,58.53
200.25,198.53,1.19,55.64
199.29,198.67,1.14,53.5
202.35,199.34,1.35,58.9
203.27,200.05,1.56,60.38
203.37,200.66,1.7,60.55
203.11,201.1,1.75,59.85
201.85,201.24,1.65,56.48
205.26,201.97,1.84,62.59
207.51,202.98,2.15,65.97
207.0,203.71,2.29,64.56
206.6,204.23,2.32,63.41
208.95,205.09,2.51,67.09
208.83,205.77,2.59,66.72
207.93,206.16,2.53,63.91
210.39,206.93,2.66,67.87
211.0,207.67,2.76,68.78
210.36,208.16,2.73,66.66
210.15,208.52,2.64,65.94
210.04,208.8,2.52,65.55
208.08,208.67,2.22,58.83
208.56,208.65,2.0,59.91
207.74,208.48,1.73,57.17
204.84,207.82,1.25,48.72
202.54,206.86,0.67,43.29
205.62,206.63,0.5,51.11
205.47,206.42,0.35,50.74
208.73,206.84,0.52,57.77
208.55,207.15,0.62,57.29
209.31,207.55,0.74,58.85
209.07,207.82,0.81,58.13
209.35,208.1,0.86,58.76
209.32,208.32,0.89,58.66
209.56,208.55,0.91,59.26
208.69,208.57,0.83,56.09
210.68,208.96,0.94,61.18
208.53,208.88,0.81,53.95
205.61,208.28,0.45,46.03
209.62,208.53,0.52,55.61
208.35,208.49,0.46,52.45
206.95,208.21,0.28,49.15
205.34,207.69,0.01,45.62
205.87,207.36,-0.15,46.96
201.88,206.36,-0.61,39.15
202.9,205.73,-0.85,41.8
205.03,205.61,-0.83,46.97
208.03,206.05,-0.54,53.24
204.86,205.83,-0.6,46.96
200.02,204.77,-1.04,39.36
201.67,204.21,-1.21,42.74
203.5,204.08,-1.16,46.3
206.02,204.43,-0.88,50.82
205.68,204.66,-0.69,50.21
205.21,204.76,-0.57,49.33
207.4,205.24,-0.29,53.4
205.93,205.37,-0.2,50.48
203.87,205.09,-0.31,46.66
201.02,204.35,-0.64,41.95
201.36,203.81,-0.84,42.69
198.82,202.9,-1.19,38.74
194.05,201.29,-1.84,32.67
191.92,199.59,-2.48,30.38
192.11,198.23,-2.89,30.85
193.66,197.4,-3.01,34.63
188.83,195.84,-3.46,29.28
191.93,195.13,-3.47,36.07
187.81,193.8,-3.78,31.73
188.06,192.76,-3.91,32.26
185.65,191.46,-4.16,29.87
186.69,190.6,-4.17,32.2
190.52,190.58,-3.78,40.05
187.64,190.05,-3.68,36.63
190.2,190.07,-3.31,41.39
188.13,189.72,-3.17,38.86
189.11,189.61,-2.92,40.7
193.72,190.36,-2.28,48.51
193.65,190.96,-1.78,48.4
190.16,190.81,-1.68,43.44
191.3,190.9,-1.48,45.4
191.6,191.03,-1.28,45.93
187.95,190.47,-1.42,40.79
185.42,189.55,-1.72,37.66
185.43,188.8,-1.92,37.68
185.27,188.16,-2.04,37.47
182.86,187.2,-2.3,34.4
186.63,187.09,-2.13,42.33
189.78,187.58,-1.7,47.96
192.88,188.54,-1.08,52.82
192.09,189.19,-0.67,51.5
192.0,189.7,-0.36,51.35
194.78,190.62,0.11,55.77
192.32,190.93,0.25,51.35
193.2,191.34,0.42,52.78
195.54,192.11,0.75,56.45
195.09,192.65,0.93,55.56
193.56,192.82,0.92,52.55
198.11,193.78,1.29,59.54
199.0,194.73,1.62,60.75
199.78,195.65,1.91,61.82
200.43,196.52,2.14,62.73
200.59,197.26,2.29,62.97
198.4,197.46,2.17,57.68
199.38,197.81,2.13,59.32
199.54,198.13,2.07,59.59
202.76,198.97,2.28,64.71
202.5,199.61,2.37,64.01
202.17,200.08,2.36,63.08
203.34,200.67,2.42,65.01
204.63,201.39,2.53,67.04
204.38,201.93,2.55,66.24
204.67,202.43,2.54,66.74
204.56,202.82,2.49,66.34
203.21,202.89,2.28,61.56
203.12,202.93,2.09,61.25
203.24,202.99,1.91,61.53
205.12,203.38,1.92,65.71
206.02,203.86,1.96,67.52
205.52,204.16,1.92,65.46
206.92,204.66,1.98,68.35
206.25,204.95,1.93,65.54
204.19,204.81,1.68,57.71
206.42,205.1,1.66,62.86
203.95,204.89,1.4,54.93
204.5,204.82,1.23,56.24
204.02,204.68,1.04,54.75
205.92,204.9,1.05,59.34
208.0,205.47,1.22,63.66
208.01,205.93,1.32,63.68
207.78,206.27,1.36,62.83
209.24,206.81,1.49,65.91
209.9,207.37,1.61,67.23
210.1,207.87,1.7,67.64
208.97,208.07,1.63,62.92
208.97,208.23,1.55,62.92
208.61,208.3,1.44,61.35
208.92,208.41,1.35,62.22
209.35,208.58,1.31,63.44
207.45,208.38,1.08,55.03
206.33,208.0,0.8,50.78
207.97,208.0,0.72,56.1
206.16,207.66,0.5,49.74
205.01,207.18,0.22,46.18
204.97,206.78,0.01,46.06
205.72,206.59,-0.09,48.8
205.89,206.46,-0.14,49.42
208.45,206.82,0.05,57.73
206.5,206.76,0.02,50.9
206.56,206.73,-0.0,51.09
204.76,206.37,-0.17,45.43
206.78,206.44,-0.12,51.85
204.85,206.15,-0.25,46.28
204.91,205.93,-0.33,46.47
204.2,205.61,-0.45,44.46
205.49,205.59,-0.42,48.77
205.21,205.52,-0.41,47.91
207.87,205.95,-0.17,55.88
209.28,206.55,0.14,59.41
209.34,207.06,0.36,59.55
210.24,207.64,0.6,61.78
209.84,208.04,0.74,60.2
210.27,208.44,0.86,61.34
210.91,208.89,0.99,63.03
210.28,209.15,1.02,60.25
211.35,209.55,1.11,63.2
211.68,209.93,1.19,64.08
212.37,210.38,1.29,65.91
212.08,210.69,1.31,64.43
210.07,210.57,1.13,55.25
208.45,210.19,0.84,49.19
208.04,209.8,0.58,47.77
207.75,209.43,0.34,46.75
208.37,209.23,0.22,49.24
206.52,208.74,-0.04,42.83
207.85,208.58,-0.11,48.04
208.44,208.55,-0.11,50.19
208.1,208.47,-0.14,48.94
210.81,208.9,0.08,57.91
203.24,207.87,-0.42,37.95
199.6,206.36,-1.1,32.23
203.2,205.79,-1.27,41.57
206.66,205.95,-1.07,48.83
209.48,206.59,-0.66,53.84
209.92,207.2,-0.31,54.58
208.41,207.42,-0.18,51.53
209.66,207.82,0.03,53.82
209.53,208.13,0.18,53.54
212.65,208.96,0.55,59.05
213.4,209.76,0.89,60.26
214.95,210.71,1.25,62.71
214.92,211.47,1.5,62.63
216.12,212.32,1.76,64.57
215.83,212.96,1.89,63.71
216.41,213.58,2.01,64.72
216.19,214.06,2.05,64.0
217.09,214.61,2.11,65.67
216.27,214.91,2.06,62.82
217.24,215.33,2.06,64.76
216.65,215.57,1.98,62.63
216.75,215.79,1.89,62.85
216.52,215.92,1.78,61.95
216.77,216.08,1.68,62.58
217.12,216.27,1.61,63.48
216.94,216.39,1.52,62.65
215.55,216.24,1.3,56.52
216.18,216.23,1.17,58.49
216.41,216.26,1.07,59.21
218.18,216.61,1.14,64.34
218.05,216.87,1.16,63.71
218.18,217.11,1.16,64.09
217.64,217.21,1.09,61.26
218.65,217.47,1.12,64.41
218.46,217.65,1.09,63.37
219.09,217.91,1.12,65.35
217.96,217.92,1.01,59.19
218.37,218.0,0.96,60.63
218.86,218.16,0.94,62.34
218.54,218.23,0.88,60.5
218.53,218.28,0.83,60.44
218.97,218.41,0.81,62.2
217.85,218.31,0.68,55.49
217.7,218.2,0.56,54.64
217.29,218.03,0.43,52.31
218.36,218.09,0.42,57.4
218.0,218.07,0.37,55.27
217.38,217.95,0.28,51.73
217.39,217.85,0.2,51.79
218.37,217.94,0.23,56.8
219.03,218.14,0.3,59.81
219.01,218.3,0.35,59.68
218.51,218.34,0.33,56.27
213.28,217.42,-0.14,34.32
216.34,217.22,-0.22,47.22
213.23,216.5,-0.54,38.9
213.15,215.89,-0.78,38.71
215.28,215.78,-0.76,46.14
213.37,215.34,-0.89,41.33
213.41,214.99,-0.98,41.46
213.42,214.7,-1.02,41.5
215.82,214.91,-0.83,49.6
217.18,215.32,-0.55,53.51
215.99,215.44,-0.44,49.88
214.24,215.22,-0.5,45.07
215.57,215.29,-0.42,49.07
216.64,215.53,-0.27,52.08
214.68,215.38,-0.31,46.67
216.3,215.55,-0.2,51.16
215.78,215.59,-0.17,49.72
214.68,215.42,-0.23,46.74
215.63,215.46,-0.19,49.54
215.78,215.52,-0.14,49.99
215.04,215.43,-0.17,47.76
216.16,215.56,-0.09,51.28
213.43,215.18,-0.27,43.61
213.71,214.91,-0.37,44.52
213.01,214.56,-0.5,42.67
213.12,214.3,-0.58,43.07
212.38,213.95,-0.69,41.02
213.71,213.91,-0.64,45.97
214.28,213.98,-0.55,47.98
213.88,213.96,-0.51,46.68
213.98,213.96,-0.46,47.06
214.89,214.13,-0.33,50.55
214.17,214.14,-0.3,47.88
213.74,214.07,-0.3,46.31
213.17,213.9,-0.35,44.25
212.54,213.66,-0.44,42.04
212.55,213.45,-0.49,42.09
211.01,213.01,-0.66,36.92
209.74,212.42,-0.88,33.3
208.78,211.75,-1.11,30.86
208.55,211.17,-1.28,30.29
213.15,211.53,-0.99,50.09
214.11,212.0,-0.67,53.07
216.38,212.8,-0.23,59.24
216.92,213.55,0.15,60.56
216.42,214.07,0.39,58.67
216.59,214.53,0.57,59.13
218.28,215.21,0.84,63.5
217.87,215.69,0.99,61.78
218.99,216.29,1.18,64.58
218.5,216.69,1.26,62.44
220.15,217.32,1.44,66.45
220.58,217.91,1.58,67.43
220.7,218.42,1.67,67.71
221.52,218.98,1.78,69.62
220.48,219.26,1.74,64.44
220.91,219.56,1.72,65.57
220.38,219.71,1.63,62.92
219.57,219.68,1.46,59.01
219.68,219.68,1.32,59.38
221.0,219.92,1.31,63.57
221.7,220.24,1.34,65.59
224.6,221.04,1.59,72.39
225.15,221.78,1.79,73.45
226.51,222.64,2.03,75.91
226.25,223.3,2.15,74.5
227.76,224.11,2.33,77.15
225.88,224.43,2.26,67.76
226.81,224.86,2.25,69.71
225.04,224.9,2.05,62.04
225.53,225.01,1.91,63.24
226.4,225.26,1.85,65.32
225.77,225.36,1.72,62.57
225.38,225.36,1.56,60.87
225.71,225.42,1.44,61.81
226.27,225.58,1.38,63.41
224.4,225.36,1.14,55.14
224.35,225.18,0.95,54.94
223.53,224.88,0.71,51.57
225.24,224.95,0.68,57.41
226.58,225.24,0.75,61.32
226.4,225.45,0.78,60.52
227.21,225.77,0.86,62.86
226.46,225.9,0.84,59.37
226.46,226.0,0.81,59.37
227.1,226.2,0.82,61.47
226.53,226.26,0.77,58.58
227.05,226.4,0.77,60.4
226.25,226.38,0.68,56.33
226.75,226.44,0.65,58.22
225.91,226.35,0.54,54.02
226.74,226.42,0.52,57.28
226.15,226.37,0.45,54.34
227.6,226.59,0.51,59.77
229.57,227.13,0.72,65.71
229.33,227.53,0.84,64.47
228.97,227.79,0.89,62.57
227.55,227.75,0.78,55.64
227.53,227.71,0.69,55.54
227.62,227.69,0.62,55.9
227.77,227.71,0.56,56.52
229.34,228.0,0.65,62.44
228.93,228.17,0.67,60.15
228.94,228.31,0.67,60.18
229.24,228.48,0.69,61.37
230.6,228.87,0.81,66.27
231.51,229.35,0.96,69.08
232.77,229.97,1.16,72.48
233.7,230.65,1.38,74.68
234.92,231.42,1.61,77.24
234.72,232.02,1.75,75.89
235.09,232.58,1.85,76.7
236.49,233.29,2.01,79.48
236.28,233.84,2.08,77.98
236.44,234.31,2.1,78.31
236.74,234.75,2.11,78.95
237.11,235.18,2.12,79.74
236.47,235.41,2.03,74.56
239.78,236.21,2.21,81.3
238.27,236.58,2.18,71.98
238.42,236.92,2.13,72.32
237.71,237.06,2.0,68.15
237.0,237.05,1.8,64.19
236.56,236.96,1.59,61.81
236.86,236.94,1.43,62.82
237.69,237.08,1.36,65.52
237.81,237.21,1.29,65.9
236.9,237.15,1.14,60.44
238.95,237.48,1.19,67.03
238.48,237.66,1.16,64.4
237.03,237.55,1.0,56.98
236.77,237.41,0.83,55.75
233.73,236.74,0.44,43.86
234.28,236.29,0.18,46.09
234.03,235.88,-0.03,45.22
233.86,235.51,-0.2,44.6
233.62,235.17,-0.35,43.7
235.32,235.2,-0.3,51.18
235.54,235.26,-0.24,52.07
236.29,235.45,-0.13,55.04
235.74,235.5,-0.09,52.48
235.33,235.47,-0.1,50.6
235.48,235.47,-0.09,51.29
234.78,235.35,-0.14,47.97
235.44,235.36,-0.12,51.16
235.2,235.33,-0.12,49.97
235.34,235.33,-0.11,50.69
235.06,235.28,-0.12,49.17
234.03,235.06,-0.22,43.99
232.51,234.59,-0.42,37.71
234.57,234.59,-0.38,48.41
233.87,234.46,-0.41,45.56
233.44,234.27,-0.46,43.86
235.34,234.47,-0.32,52.28
234.59,234.49,-0.28,49.16
237.17,234.98,-0.02,58.33
238.55,235.63,0.29,62.23
238.4,236.13,0.5,61.56
238.6,236.58,0.67,62.14
238.08,236.85,0.74,59.62
238.68,237.18,0.82,61.55
238.77,237.47,0.88,61.84
238.48,237.66,0.89,60.26
238.76,237.86,0.9,61.28
239.7,238.19,0.97,64.57
239.66,238.46,1.01,64.33
239.44,238.64,0.99,62.9
239.87,238.86,1.01,64.55
239.38,238.96,0.96,61.22
238.98,238.96,0.87,58.58
240.3,239.2,0.9,64.06
240.08,239.36,0.89,62.58
235.82,238.72,0.5,42.32
236.77,238.36,0.28,46.46
238.31,238.35,0.25,52.4
239.52,238.57,0.33,56.46
240.05,238.84,0.43,58.14
240.61,239.16,0.54,59.89
241.76,239.63,0.71,63.27
241.71,240.01,0.82,63.02
241.5,240.28,0.87,61.93
241.44,240.49,0.89,61.6
243.36,241.01,1.06,67.47
244.17,241.59,1.23,69.57
243.99,242.02,1.32,68.52
243.21,242.24,1.3,64.02
243.66,242.5,1.3,65.42
243.78,242.73,1.28,65.8
243.41,242.85,1.22,63.49
243.36,242.95,1.15,63.17
244.55,243.24,1.18,67.38
244.24,243.42,1.15,65.3
243.77,243.48,1.07,62.17
242.64,243.33,0.9,55.35
244.66,243.57,0.93,63.1
243.01,243.47,0.79,54.78
242.95,243.38,0.67,54.5
242.84,243.28,0.56,53.96
243.13,243.25,0.49,55.21
243.29,243.26,0.45,55.93
241.33,242.91,0.24,46.27
243.49,243.01,0.27,55.37
241.35,242.71,0.1,46.93
241.8,242.55,0.01,48.69
242.21,242.48,-0.02,50.3
242.77,242.54,0.01,52.49
240.55,242.18,-0.17,44.24
242.11,242.16,-0.16,50.14
242.37,242.2,-0.12,51.06
242.19,242.2,-0.11,50.37
244.01,242.53,0.06,56.73
244.42,242.87,0.21,58.03
245.56,243.36,0.43,61.47
245.53,243.76,0.57,61.33
245.66,244.1,0.68,61.74
246.99,244.63,0.87,65.72
247.1,245.08,1.0,66.04
246.88,245.4,1.06,64.77
246.82,245.66,1.08,64.41
247.42,245.98,1.13,66.42
247.43,246.24,1.15,66.45
247.2,246.42,1.12,64.84
246.91,246.51,1.06,62.79
246.77,246.56,0.98,61.77
247.32,246.69,0.95,64.2
247.44,246.83,0.93,64.73
246.96,246.85,0.85,60.91
247.41,246.95,0.82,63.1
247.87,247.12,0.82,65.23
247.26,247.15,0.75,60.28
247.25,247.17,0.69,60.2
243.76,246.55,0.33,40.2
244.12,246.11,0.09,42.32
246.54,246.18,0.12,54.04
246.51,246.24,0.13,53.9
246.94,246.37,0.18,55.73
243.09,245.77,-0.12,40.36
242.71,245.22,-0.37,39.21
242.9,244.8,-0.54,40.12
245.44,244.91,-0.43,50.69
244.56,244.85,-0.42,47.57
243.99,244.69,-0.46,45.62
244.56,244.67,-0.42,47.91
244.57,244.65,-0.39,47.95
244.85,244.69,-0.34,49.15
246.01,244.93,-0.19,53.88
247.49,245.39,0.05,59.09
247.84,245.84,0.26,60.22
246.06,245.88,0.25,52.3
246.9,246.06,0.32,55.28
246.87,246.21,0.36,55.15
246.58,246.28,0.35,53.82
249.21,246.81,0.57,62.57
250.05,247.4,0.8,64.85
250.17,247.9,0.96,65.17
250.09,248.3,1.06,64.75
249.19,248.46,1.04,60.01
249.72,248.69,1.05,61.77
249.97,248.92,1.06,62.61
250.06,249.13,1.06,62.92
249.39,249.18,0.98,58.99
249.44,249.23,0.91,59.19
248.93,249.17,0.8,56.15
249.08,249.15,0.71,56.85
250.05,249.32,0.72,61.15
250.35,249.51,0.74,62.39
251.23,249.82,0.82,65.82
252.32,250.27,0.96,69.51
252.86,250.74,1.09,71.17
253.16,251.18,1.2,72.07
254.66,251.82,1.38,76.07
254.37,252.28,1.47,73.88
253.95,252.58,1.48,70.71
254.62,252.95,1.51,72.71
255.02,253.33,1.55,73.85
254.64,253.57,1.51,70.84
254.95,253.82,1.49,71.84
255.29,254.09,1.47,72.94
255.47,254.34,1.45,73.52
255.72,254.59,1.44,74.35
255.79,254.81,1.4,74.58
257.11,255.23,1.47,78.59
256.11,255.39,1.41,69.68
256.56,255.6,1.37,71.25
255.29,255.54,1.22,61.59
255.62,255.56,1.11,62.99
257.71,255.95,1.19,70.31
256.75,256.09,1.14,64.07
257.15,256.29,1.13,65.44
257.49,256.51,1.12,66.6
257.59,256.7,1.11,66.95
258.45,257.02,1.16,69.86
258.85,257.35,1.2,71.12
258.67,257.59,1.2,69.71
259.11,257.87,1.22,71.21
258.17,257.92,1.13,63.98
258.09,257.95,1.04,63.39
258.33,258.02,0.97,64.44
257.73,257.97,0.85,59.85
256.44,257.69,0.64,51.41
258.62,257.86,0.66,61.29
257.86,257.86,0.6,56.96
258.3,257.94,0.58,58.77
259.99,258.31,0.7,64.84
259.76,258.58,0.76,63.48
260.36,258.9,0.84,65.5
260.23,259.14,0.88,64.67
262.87,259.82,1.12,72.33
262.71,260.35,1.26,71.32
265.01,261.19,1.54,76.37
264.46,261.79,1.68,73.08
264.14,262.22,1.72,71.16
263.19,262.39,1.64,65.69
263.24,262.55,1.56,65.83
264.07,262.82,1.54,68.27
265.51,263.31,1.63,71.99
266.31,263.86,1.73,73.81
266.78,264.39,1.82,74.85
266.75,264.82,1.85,74.64
265.66,264.97,1.75,67.57
266.51,265.25,1.72,69.95
268.2,265.79,1.81,74.01
267.17,266.04,1.76,68.01
267.03,266.22,1.67,67.22
267.58,266.47,1.63,68.75
267.51,266.66,1.57,68.32
267.19,266.75,1.46,66.26
267.32,266.86,1.37,66.69
267.87,267.04,1.33,68.54
266.86,267.01,1.19,61.8
268.77,267.33,1.23,68.15
270.47,267.9,1.38,72.5
271.61,268.57,1.57,74.96
273.42,269.46,1.84,78.27
273.92,270.27,2.05,79.09
274.54,271.04,2.23,80.08
274.12,271.6,2.28,77.41
276.12,272.42,2.46,80.7
277.92,273.42,2.7,83.08
276.97,274.07,2.75,77.67
279.61,275.08,2.97,81.29
279.14,275.81,3.04,78.85
280.41,276.65,3.14,80.54
282.69,277.75,3.37,83.14
283.29,278.76,3.53,83.75
283.18,279.56,3.57,83.16
283.3,280.24,3.56,83.3
286.58,281.39,3.77,86.53
284.68,281.99,3.69,77.25
281.76,281.95,3.32,65.66
281.9,281.94,3.0,65.92
281.58,281.87,2.68,64.71
275.45,280.71,1.87,46.98
263.93,277.66,0.24,30.27
269.13,276.11,-0.52,40.5
267.67,274.57,-1.2,38.79
257.63,271.49,-2.55,29.58
261.5,269.68,-3.18,35.87
265.34,268.89,-3.25,41.43
266.0,268.36,-3.19,42.35
269.59,268.59,-2.78,47.19
273.03,269.39,-2.13,51.38
273.11,270.07,-1.6,51.47
271.4,270.31,-1.34,49.25
270.05,270.26,-1.23,47.51
270.4,270.29,-1.1,48.02
274.71,271.09,-0.61,53.92
277.9,272.33,0.03,57.73
274.43,272.71,0.21,52.66
271.65,272.52,0.1,48.97
267.7,271.64,-0.33,44.25
269.08,271.18,-0.52,46.19
272.19,271.36,-0.38,50.36
272.88,271.64,-0.21,51.26
272.78,271.84,-0.09,51.12
274.1,272.25,0.11,52.98
278.87,273.46,0.67,59.03
278.52,274.38,1.05,58.44
276.72,274.8,1.15,55.38
275.3,274.89,1.08,53.04
275.0,274.91,0.99,52.54
274.2,274.78,0.83,51.15
270.49,274.0,0.38,45.22
270.95,273.45,0.08,46.05
270.43,272.9,-0.19,45.22
263.67,271.22,-0.97,36.14
258.05,268.83,-2.02,30.65
265.11,268.15,-2.15,42.42
260.6,266.78,-2.6,38.0
259.83,265.51,-2.95,37.29
263.15,265.08,-2.87,42.27
257.47,263.7,-3.26,36.9
260.77,263.17,-3.2,41.53
263.56,263.24,-2.86,45.17
265.64,263.68,-2.38,47.77
259.72,262.96,-2.5,41.74
261.0,262.6,-2.43,43.39
265.15,263.06,-1.98,48.48
263.76,263.19,-1.73,46.96
265.93,263.69,-1.33,49.6
265.15,263.95,-1.07,48.66
267.33,264.57,-0.68,51.4
270.19,265.59,-0.13,54.78
270.39,266.46,0.3,55.01
268.89,266.9,0.48,52.81
266.61,266.85,0.41,49.58
266.57,266.8,0.35,49.52
262.98,266.11,-0.02,44.6
263.63,265.66,-0.23,45.65
266.31,265.77,-0.15,49.84
266.56,265.92,-0.07,50.23
264.51,265.66,-0.18,47.06
264.98,265.54,-0.23,47.87
263.2,265.11,-0.41,45.08
262.62,264.66,-0.58,44.18
266.02,264.91,-0.41,50.39
266.92,265.27,-0.2,51.91
266.92,265.57,-0.04,51.91
269.5,266.29,0.31,56.3
272.02,267.33,0.78,60.12
272.85,268.33,1.18,61.31
272.98,269.18,1.47,61.51
271.1,269.53,1.5,57.09
272.24,270.02,1.59,59.0
272.01,270.38,1.61,58.44
271.33,270.55,1.54,56.73
273.37,271.07,1.64,60.45
272.61,271.35,1.61,58.44
273.36,271.71,1.63,59.86
272.8,271.91,1.57,58.27
272.15,271.95,1.44,56.42
269.02,271.42,1.05,48.45
272.61,271.64,1.05,56.07
270.94,271.51,0.89,52.23
273.6,271.89,0.99,57.23
274.9,272.44,1.16,59.46
275.1,272.92,1.28,59.8
277.4,273.74,1.54,63.62
277.37,274.4,1.71,63.53
278.19,275.09,1.88,64.89
278.56,275.72,2.0,65.51
278.92,276.3,2.08,66.14
278.03,276.61,2.04,63.11
278.73,277.0,2.03,64.48
277.13,277.02,1.84,59.1
276.56,276.94,1.63,57.27
275.5,276.68,1.35,53.95
275.97,276.55,1.16,55.19
274.24,276.13,0.85,49.91
274.74,275.88,0.65,51.35
271.0,274.99,0.16,41.73
271.6,274.37,-0.15,43.55
269.35,273.46,-0.57,38.7
270.89,272.99,-0.74,43.33
271.28,272.68,-0.81,44.47
271.86,272.53,-0.81,46.19
270.9,272.24,-0.87,43.78
273.11,272.39,-0.71,50.18
275.42,272.94,-0.38,55.82
277.9,273.85,0.08,60.9
278.9,274.76,0.51,62.76
276.86,275.15,0.65,56.87
279.37,275.91,0.95,61.62
279.59,276.58,1.18,62.01
279.34,277.08,1.3,61.24
280.47,277.7,1.47,63.42
281.06,278.31,1.62,64.54
280.0,278.62,1.62,60.96
279.68,278.81,1.55,59.89
280.2,279.06,1.53,61.08
281.61,279.53,1.6,64.18
284.01,280.34,1.84,68.72
283.34,280.89,1.92,66.21
281.42,280.98,1.78,59.53
279.95,280.8,1.53,54.98
281.33,280.89,1.43,58.2
280.86,280.89,1.29,56.72
282.39,281.16,1.29,60.24
283.6,281.6,1.38,62.8
284.64,282.16,1.51,64.89
285.58,282.78,1.67,66.69
285.46,283.27,1.74,66.23
285.07,283.59,1.73,64.65
283.16,283.52,1.53,57.48
282.1,283.26,1.26,53.93
283.9,283.37,1.2,58.59
281.78,283.08,0.94,51.96
284.06,283.26,0.94,57.5
285.06,283.59,1.0,59.69
285.67,283.97,1.09,61.0
286.34,284.4,1.19,62.44
286.17,284.72,1.23,61.82
285.79,284.92,1.21,60.38
287.51,285.39,1.32,64.39
289.78,286.19,1.57,68.85
289.92,286.86,1.74,69.1
291.48,287.7,1.98,71.86
290.3,288.18,2.01,67.01
290.31,288.56,2.01,67.03
289.81,288.79,1.92,64.91
289.03,288.83,1.76,61.64
288.16,288.71,1.54,58.14
287.6,288.51,1.29,55.95
288.1,288.43,1.13,57.48
289.05,288.55,1.08,60.29
289.12,288.65,1.03,60.5
290.83,289.05,1.12,65.23
290.88,289.38,1.17,65.36
289.34,289.37,1.05,58.18
290.91,289.65,1.09,62.66
291.22,289.94,1.12,63.49
293.58,290.6,1.33,69.07
291.99,290.85,1.32,62.2
291.02,290.88,1.21,58.41
290.75,290.86,1.08,57.36
289.88,290.68,0.9,54.03
290.69,290.68,0.81,56.55
290.72,290.69,0.74,56.64
291.73,290.88,0.76,59.79
291.56,291.0,0.74,59.02
291.72,291.13,0.74,59.54
289.44,290.83,0.52,49.77
287.82,290.28,0.21,44.24
287.82,289.83,-0.02,44.24
287.4,289.39,-0.23,42.82
278.3,287.37,-1.17,24.57
272.17,284.61,-2.37,18.79
275.95,283.03,-2.9,29.71
274.4,281.46,-3.37,28.06
280.4,281.27,-3.14,41.58
280.45,281.12,-2.91,41.68
276.4,280.26,-3.04,36.39
276.25,279.53,-3.1,36.2
275.01,278.71,-3.2,34.66
273.61,277.78,-3.34,32.97
265.32,275.52,-4.1,25.16
270.08,274.53,-4.18,34.68
265.33,272.86,-4.58,30.53
263.86,271.22,-4.92,29.36
267.77,270.59,-4.75,36.29
270.63,270.6,-4.29,40.84
273.51,271.13,-3.63,45.07
271.89,271.27,-3.22,43.21
273.39,271.65,-2.73,45.45
275.12,272.28,-2.17,47.98
281.01,273.87,-1.21,55.51
280.5,275.08,-0.52,54.77
277.76,275.56,-0.24,50.89
272.57,275.02,-0.47,44.49
272.06,274.48,-0.68,43.91
270.2,273.7,-0.99,41.78
273.02,273.58,-0.96,46.04
273.73,273.61,-0.85,47.08
269.1,272.79,-1.16,41.47
264.12,271.21,-1.8,36.47
265.02,270.09,-2.16,37.92
263.25,268.84,-2.55,36.18
267.5,268.6,-2.42,42.92
268.4,268.56,-2.21,44.25
274.58,269.66,-1.48,52.44
273.98,270.44,-0.96,51.65
275.65,271.39,-0.42,53.73
279.3,272.83,0.3,57.96
270.25,272.36,0.05,46.64
269.84,271.9,-0.17,46.2
263.57,270.39,-0.88,40.04
264.07,269.24,-1.34,40.71
264.13,268.31,-1.65,40.8
265.46,267.79,-1.74,42.76
265.37,267.35,-1.79,42.66
260.47,266.1,-2.21,37.42
255.36,264.15,-2.93,32.9
255.08,262.5,-3.44,32.67
251.26,260.46,-4.08,29.62
247.17,258.04,-4.84,26.76
240.7,254.89,-5.88,22.99
234.34,251.15,-7.1,20.02
246.18,250.25,-6.86,36.4
248.07,249.85,-6.39,38.55
247.75,249.47,-5.97,38.32
249.92,249.55,-5.36,40.94
250.18,249.67,-4.79,41.26
244.21,248.67,-4.81,36.4
252.39,249.35,-4.03,45.77
254.38,250.26,-3.21,47.78
256.77,251.45,-2.34,50.15
257.97,252.63,-1.55,51.34
258.88,253.77,-0.86,52.26
258.98,254.72,-0.33,52.37
257.4,255.2,-0.07,50.46
260.35,256.14,0.38,53.83
260.98,257.02,0.77,54.53
262.96,258.1,1.21,56.76
266.46,259.62,1.82,60.43
262.86,260.21,1.92,55.26
263.41,260.79,2.02,55.88
263.55,261.29,2.07,56.04
265.78,262.11,2.26,58.69
263.76,262.41,2.18,55.45
263.41,262.59,2.06,54.89
267.58,263.5,2.3,60.06
269.93,264.67,2.64,62.65
270.06,265.65,2.85,62.79
271.96,266.8,3.13,64.89
273.1,267.94,3.38,66.12
272.74,268.81,3.47,65.35
270.14,269.06,3.25,59.91
270.47,269.31,3.07,60.36
270.62,269.55,2.89,60.58
274.1,270.38,3.01,65.25
274.99,271.22,3.12,66.35
274.38,271.79,3.1,64.85
277.37,272.81,3.28,68.58
277.85,273.72,3.41,69.14
278.41,274.58,3.49,69.82
277.42,275.09,3.4,67.03
279.14,275.83,3.43,69.31
279.52,276.5,3.42,69.8
279.32,277.01,3.34,69.18
279.2,277.41,3.21,68.78
278.68,277.64,3.02,66.99
280.42,278.15,2.97,69.8
279.4,278.37,2.8,66.26
279.02,278.49,2.59,64.94
277.33,278.28,2.24,59.33
275.01,277.69,1.74,52.63
274.46,277.1,1.3,51.16
278.44,277.34,1.29,59.84
279.49,277.73,1.35,61.76
281.34,278.39,1.54,64.93
281.16,278.89,1.63,64.37
281.31,279.33,1.68,64.64
282.33,279.88,1.78,66.49
282.4,280.34,1.83,66.62
281.55,280.56,1.76,63.46
284.73,281.32,1.96,69.3
279.25,280.94,1.59,53.5
279.04,280.59,1.27,53.0
281.12,280.69,1.2,57.21
279.65,280.5,0.99,53.58
280.71,280.54,0.92,55.75
282.48,280.89,1.0,59.17
285.83,281.79,1.33,64.7
285.97,282.55,1.57,64.91
286.42,283.25,1.75,65.63
287.18,283.97,1.93,66.85
288.57,284.8,2.14,69.0
288.79,285.53,2.28,69.34
287.31,285.85,2.22,64.29
288.29,286.3,2.22,66.04
288.21,286.64,2.17,65.76
290.16,287.28,2.27,69.2
289.97,287.77,2.29,68.48
290.16,288.21,2.28,68.83
289.45,288.43,2.17,65.93
290.02,288.72,2.1,67.12
290.27,289.0,2.03,67.65
292.88,289.71,2.17,72.62
292.23,290.17,2.19,69.76
292.05,290.51,2.14,68.95
293.41,291.04,2.19,71.61
293.87,291.55,2.22,72.46
294.02,292.0,2.23,72.74
291.81,291.97,2.0,62.5
291.18,291.82,1.74,59.93
294.03,292.22,1.77,66.6
292.82,292.33,1.65,61.91
287.93,291.53,1.11,47.44
287.53,290.8,0.66,46.49
286.66,290.05,0.24,44.41
288.1,289.7,0.05,48.49
280.86,288.09,-0.72,34.75
283.4,287.24,-1.06,41.03
285.06,286.84,-1.15,44.76
287.7,287.0,-0.96,50.12
285.84,286.79,-0.97,46.7
283.95,286.27,-1.13,43.47
286.51,286.31,-1.0,48.63
285.63,286.19,-0.96,47.05
282.14,285.45,-1.22,41.33
282.78,284.97,-1.34,42.7
280.15,284.09,-1.63,38.72
278.27,283.03,-1.98,36.15
279.03,282.31,-2.13,37.94
275.27,281.03,-2.54,33.03
274.57,279.85,-2.86,32.2
280.53,279.98,-2.53,44.85
282.96,280.52,-2.03,49.01
284.8,281.3,-1.46,51.94
287.65,282.45,-0.77,56.14
288.97,283.64,-0.14,57.96
288.9,284.59,0.33,57.82
288.39,285.28,0.63,56.78
289.58,286.07,0.94,58.64
289.26,286.65,1.13,57.92
289.37,287.14,1.26,58.11
292.4,288.1,1.59,63.03
293.06,289.0,1.87,64.01
295.86,290.25,2.29,67.9
294.0,290.93,2.39,63.05
293.64,291.42,2.4,62.13
290.76,291.3,2.11,55.23
290.47,291.15,1.84,54.57
291.5,291.21,1.7,56.53
293.0,291.54,1.69,59.27
295.66,292.29,1.88,63.63
296.43,293.04,2.06,64.8
298.8,294.09,2.37,68.17
298.46,294.88,2.52,67.18
296.82,295.24,2.45,62.5
297.19,295.59,2.38,63.12
298.61,296.14,2.42,65.47
299.31,296.72,2.46,66.6
300.65,297.43,2.57,68.69
300.75,298.03,2.61,68.85
299.78,298.35,2.51,65.46
297.74,298.24,2.22,58.91
298.83,298.35,2.06,61.14
297.17,298.13,1.76,56.17
297.9,298.09,1.57,57.79
300.03,298.44,1.59,62.15
301.44,298.99,1.7,64.73
300.0,299.17,1.63,60.23
302.01,299.69,1.72,63.98
301.46,300.01,1.71,62.26
300.72,300.14,1.61,59.94
297.43,299.65,1.22,50.9
294.84,298.77,0.69,45.16
292.62,297.65,0.09,40.92
283.82,295.14,-1.12,29.25
287.8,293.8,-1.65,37.84
287.97,292.74,-2.0,38.18
293.62,292.9,-1.73,48.34
291.62,292.67,-1.68,45.51
288.07,291.83,-1.91,40.94
292.55,291.96,-1.67,48.0
283.9,290.5,-2.21,38.48
284.65,289.43,-2.51,39.6
288.85,289.33,-2.32,45.51
292.33,289.87,-1.84,49.86
290.09,289.91,-1.64,47.26
292.45,290.37,-1.27,50.2
292.36,290.74,-0.97,50.08
284.85,289.67,-1.39,41.63
288.0,289.36,-1.4,45.75
286.87,288.91,-1.49,44.54
288.89,288.91,-1.35,47.21
292.58,289.57,-0.9,51.75
292.45,290.1,-0.56,51.58
290.74,290.21,-0.45,49.33
294.04,290.91,-0.08,53.52
297.82,292.17,0.53,57.81
298.05,293.24,0.99,58.06
298.2,294.14,1.32,58.23
298.13,294.86,1.54,58.11
300.25,295.84,1.86,60.75
301.29,296.83,2.15,62.01
301.09,297.61,2.32,61.61
300.16,298.07,2.32,59.65
300.92,298.59,2.34,60.74
301.1,299.05,2.34,61.01
301.08,299.42,2.29,60.96
298.28,299.21,1.98,54.36
298.21,299.03,1.7,54.21
295.87,298.45,1.27,49.12
297.62,298.3,1.07,52.68
297.0,298.07,0.86,51.32
295.4,297.58,0.55,47.89
296.77,297.43,0.42,50.9
293.24,296.67,0.02,43.91
288.06,295.11,-0.73,36.11
290.42,294.25,-1.06,41.21
294.35,294.27,-0.95,48.53
293.08,294.05,-0.97,46.52
288.53,293.05,-1.35,40.15
291.27,292.73,-1.38,45.01
293.24,292.82,-1.2,48.25
296.28,293.45,-0.79,52.84
295.95,293.9,-0.5,52.3
298.88,294.81,-0.02,56.52
298.4,295.46,0.29,55.66
299.28,296.16,0.6,56.95
297.97,296.49,0.7,54.42
299.99,297.12,0.93,57.54
299.01,297.47,1.01,55.56
299.88,297.9,1.12,56.97
300.37,298.35,1.23,57.78
301.6,298.94,1.39,59.8
303.3,299.74,1.64,62.47
303.21,300.37,1.78,62.23
304.14,301.05,1.94,63.74
303.33,301.47,1.95,61.45
306.14,302.32,2.17,65.99
307.37,303.24,2.4,67.77
307.03,303.93,2.5,66.73
307.1,304.5,2.54,66.84
308.18,305.17,2.61,68.58
308.94,305.86,2.69,69.78
308.35,306.31,2.65,67.64
309.0,306.8,2.63,68.77
309.1,307.22,2.58,68.95
309.55,307.64,2.54,69.78
311.79,308.4,2.65,73.57
312.02,309.05,2.71,73.93
311.93,309.58,2.71,73.51
310.77,309.79,2.55,68.17
310.27,309.88,2.35,65.96
310.96,310.08,2.22,67.52
313.37,310.68,2.29,72.27
314.08,311.29,2.37,73.5
315.48,312.06,2.51,75.76
314.31,312.47,2.46,70.38
311.64,312.32,2.16,59.97
309.55,311.81,1.71,53.36
311.46,311.75,1.52,57.9
312.02,311.8,1.4,59.16
314.87,312.36,1.53,64.85
313.88,312.63,1.52,61.65
313.53,312.8,1.45,60.52
314.42,313.09,1.45,62.4
317.13,313.83,1.66,67.45
317.32,314.46,1.81,67.78
319.5,315.38,2.07,71.31
319.57,316.14,2.24,71.41
319.59,316.77,2.32,71.45
320.9,317.52,2.46,73.57
320.73,318.1,2.5,72.82
321.22,318.67,2.53,73.65
321.23,319.13,2.52,73.67
322.94,319.83,2.61,76.55
322.86,320.38,2.62,76.13
321.08,320.51,2.43,67.37
321.86,320.75,2.32,69.05
324.87,321.5,2.45,74.46
322.41,321.67,2.3,64.57
323.64,322.02,2.25,66.92
322.73,322.15,2.1,63.58
324.45,322.57,2.1,66.93
326.65,323.31,2.25,70.63
325.71,323.75,2.24,67.19
327.95,324.51,2.39,70.82
327.45,325.05,2.42,68.99
328.19,325.62,2.46,70.21
330.92,326.58,2.69,74.21
331.95,327.56,2.89,75.54
331.3,328.24,2.94,73.0
331.34,328.8,2.93,73.06
331.72,329.33,2.9,73.65
328.77,329.23,2.58,62.24
323.5,328.19,1.84,48.0
326.89,327.95,1.55,55.08
326.62,327.71,1.29,54.45
327.68,327.7,1.16,56.55
321.73,326.62,0.53,44.27
324.12,326.16,0.27,49.04
329.06,326.69,0.49,57.14
332.86,327.81,0.98,62.11
333.98,328.93,1.42,63.45
332.2,329.53,1.57,59.85
334.68,330.46,1.86,62.99
335.26,331.34,2.1,63.7
337.42,332.44,2.43,66.28
337.06,333.28,2.6,65.45
337.6,334.07,2.72,66.13
336.73,334.55,2.69,63.95
338.34,335.24,2.77,66.16
336.95,335.55,2.65,62.61
333.48,335.17,2.22,54.74
322.42,332.86,0.9,38.31
312.65,329.18,-0.93,29.83
311.5,325.97,-2.37,29.02
297.51,320.79,-4.61,21.44
296.26,316.33,-6.3,20.91
309.09,315.02,-6.32,37.65
300.24,312.33,-7.0,32.56
312.86,312.43,-6.29,44.11
302.46,310.61,-6.55,38.31
297.46,308.22,-7.07,35.89
274.23,302.04,-9.34,27.28
288.42,299.57,-9.63,37.15
274.36,294.98,-10.89,32.47
248.11,286.46,-13.91,25.94
269.32,283.34,-14.07,36.92
239.85,275.44,-16.5,30.24
252.8,271.32,-16.89,35.72
240.0,265.63,-17.99,32.98
240.51,261.06,-18.45,33.2
228.8,255.19,-19.49,30.73
222.95,249.33,-20.42,29.55
243.15,248.21,-19.01,38.29
246.79,247.95,-17.32,39.73
261.2,250.36,-14.53,45.17
253.42,250.92,-12.88,42.93
261.65,252.87,-10.72,45.97
257.75,253.75,-9.28,44.76
246.15,252.37,-9.05,41.3
251.83,252.27,-8.24,43.59
248.19,251.53,-7.81,42.45
264.86,253.95,-5.91,48.98
265.13,255.99,-4.38,49.08
274.03,259.27,-2.4,52.39
278.2,262.71,-0.53,53.89
275.66,265.06,0.64,52.8
283.79,268.47,2.2,55.86
277.76,270.16,2.79,53.12
279.1,271.78,3.3,53.66
286.64,274.49,4.27,56.67
281.59,275.78,4.48,54.15
273.04,275.28,3.82,50.1
279.1,275.97,3.79,52.78
279.08,276.54,3.69,52.77
282.97,277.71,3.9,54.57
287.05,279.41,4.34,56.43
285.73,280.56,4.47,55.64
293.21,282.86,5.14,59.12
290.48,284.24,5.31,57.36
282.79,283.98,4.68,52.63
283.57,283.9,4.2,53.05
286.19,284.32,4.0,54.51
284.25,284.31,3.61,53.2
287.68,284.92,3.56,55.23
292.44,286.29,3.87,57.95
292.5,287.42,4.04,57.98
286.67,287.28,3.59,53.43
281.6,286.25,2.76,49.79
284.97,286.02,2.38,52.11
286.28,286.06,2.18,53.02
295.0,287.69,2.75,58.6
291.97,288.47,2.85,56.12
296.93,290.01,3.32,59.16
294.88,290.89,3.42,57.4
295.44,291.72,3.49,57.77
299.08,293.06,3.79,60.16
303.53,294.96,4.34,62.91
302.97,296.42,4.62,62.33
304.32,297.85,4.86,63.21
305.55,299.25,5.07,64.03
308.08,300.86,5.35,65.71
312.18,302.92,5.82,68.28
311.36,304.45,6.0,67.2
319.34,307.16,6.71,71.84
323.2,310.08,7.46,73.77
320.79,312.02,7.68,70.54
319.0,313.29,7.55,68.17
300.61,310.99,5.74,49.75
304.21,309.75,4.6,52.45
307.05,309.26,3.93,54.51
312.96,309.93,3.88,58.52
311.66,310.25,3.66,57.33
311.78,310.53,3.44,57.41
308.64,310.18,2.95,54.35
310.62,310.26,2.71,55.94
312.05,310.59,2.6,57.09
304.09,309.41,1.79,49.38
307.35,309.03,1.44,52.21
300.05,307.4,0.53,46.03
304.46,306.86,0.22,49.87
308.36,307.14,0.33,53.04
310.52,307.75,0.59,54.74
312.23,308.57,0.92,56.08
317.05,310.11,1.57,59.7
313.78,310.78,1.74,56.33
316.18,311.76,2.04,58.19
314.38,312.24,2.07,56.26
317.59,313.21,2.34,58.86
314.84,313.51,2.26,55.82
318.92,314.49,2.51,59.17
321.85,315.83,2.91,61.43
320.79,316.73,3.06,60.14
321.72,317.64,3.2,60.91
324.32,318.85,3.48,63.05
325.01,319.97,3.68,63.62
326.86,321.22,3.92,65.15
322.96,321.54,3.7,59.49
320.88,321.42,3.29,56.67
323.22,321.75,3.13,59.01
321.17,321.64,2.79,56.16
325.12,322.27,2.82,60.13
323.96,322.58,2.7,58.47
326.52,323.3,2.78,61.02
328.79,324.3,2.99,63.17
330.06,325.34,3.21,64.35
332.11,326.57,3.49,66.22
334.33,327.98,3.83,68.16
334.57,329.18,4.03,68.37
335.57,330.34,4.2,69.27
332.8,330.79,4.01,63.85
337.44,332.0,4.21,68.3
336.83,332.88,4.23,67.14
336.84,333.6,4.17,67.15
337.91,334.38,4.14,68.24
338.64,335.16,4.12,68.99
337.23,335.53,3.9,65.77
338.28,336.03,3.77,67.0
339.48,336.66,3.71,68.39
342.92,337.8,3.9,72.01
344.12,338.95,4.07,73.16
347.57,340.51,4.43,76.18
348.33,341.94,4.69,76.79
350.58,343.51,4.99,78.55
349.31,344.56,5.02,75.11
352.6,346.02,5.23,77.81
357.7,348.15,5.75,81.2
345.39,347.65,4.96,58.22
342.57,346.72,4.05,54.44
333.21,344.27,2.49,44.23
339.79,343.45,1.87,51.13
333.89,341.71,0.86,45.7
334.06,340.32,0.12,45.88
338.46,339.98,-0.05,50.38
340.17,340.02,-0.03,52.04
338.82,339.8,-0.13,50.61
335.84,339.08,-0.46,47.51
330.65,337.55,-1.15,42.65
326.97,335.62,-1.96,39.57
330.3,334.66,-2.23,43.52
322.64,332.47,-3.06,37.48
323.5,330.84,-3.54,38.51
328.73,330.46,-3.39,44.45
334.19,331.14,-2.74,49.87
332.37,331.36,-2.37,48.19
334.89,332.0,-1.84,50.66
337.04,332.92,-1.23,52.71
333.84,333.09,-1.03,49.43
339.76,334.3,-0.36,54.99
334.93,334.41,-0.27,50.17
340.76,335.57,0.31,55.24
343.78,337.06,0.99,57.64
346.85,338.84,1.74,59.97
352.43,341.31,2.75,63.85
350.13,342.91,3.25,61.23
347.93,343.83,3.38,58.76
347.5,344.49,3.37,58.27
347.29,345.0,3.29,58.01
342.01,344.46,2.72,51.91
343.38,344.26,2.37,53.28
342.73,343.98,2.01,52.52
344.61,344.1,1.87,54.52
345.78,344.4,1.84,55.77
339.39,343.49,1.23,48.06
338.22,342.53,0.66,46.79
326.66,339.65,-0.78,36.57
329.98,337.89,-1.54,40.57
326.54,335.83,-2.38,37.92
330.2,334.8,-2.64,42.22
336.03,335.03,-2.28,48.33
343.54,336.57,-1.33,54.92
350.24,339.06,-0.02,59.81
350.16,341.08,0.95,59.73
354.56,343.53,2.02,62.77
354.04,345.44,2.74,62.18
356.67,347.48,3.45,64.02
353.21,348.52,3.62,59.9
358.1,350.26,4.1,63.46
362.57,352.5,4.78,66.39
360.62,353.98,5.03,63.99
356.28,354.4,4.75,58.92
357.78,355.01,4.59,60.1
355.33,355.07,4.18,57.24
357.46,355.5,3.99,59.05
363.22,356.91,4.28,63.53
362.66,357.95,4.37,62.81
363.67,358.99,4.45,63.61
362.06,359.55,4.29,61.37
366.02,360.73,4.44,64.64
366.79,361.83,4.54,65.26
366.69,362.71,4.53,65.1
369.85,364.01,4.72,67.73
369.09,364.93,4.71,66.44
370.17,365.89,4.71,67.38
366.85,366.06,4.35,61.66
366.73,366.18,3.99,61.46
366.3,366.2,3.62,60.7
364.66,365.92,3.14,57.76
369.59,366.59,3.16,63.45
370.17,367.24,3.17,64.06
372.24,368.15,3.3,66.22
369.18,368.34,3.08,60.47
367.86,368.25,2.74,58.14
367.24,368.07,2.39,57.03
367.57,367.98,2.12,57.49
369.0,368.16,2.01,59.51
372.17,368.89,2.16,63.62
371.46,369.36,2.18,62.11
371.99,369.84,2.2,62.81
373.88,370.57,2.34,65.29
368.79,370.25,1.96,54.78
371.33,370.44,1.87,58.36
373.55,371.01,1.96,61.24
379.1,372.48,2.47,67.29
381.26,374.08,3.0,69.29
378.69,374.92,3.11,64.28
378.77,375.62,3.15,64.37
379.79,376.38,3.21,65.5
378.46,376.75,3.09,62.71
375.7,376.56,2.7,57.29
378.65,376.94,2.62,61.14
383.89,378.21,2.98,66.83
384.24,379.3,3.22,67.17
382.88,379.95,3.22,64.39
384.39,380.76,3.3,66.06
383.79,381.31,3.24,64.77
374.41,380.06,2.34,48.77
377.63,379.61,1.91,53.04
370.07,377.88,0.9,43.85
376.23,377.58,0.67,51.23
381.55,378.3,0.95,56.51
381.85,378.95,1.17,56.8
386.19,380.26,1.68,60.75
387.71,381.62,2.17,62.06
390.51,383.23,2.73,64.39
390.25,384.51,3.08,64.0
390.08,385.52,3.27,63.73
