Ticker,Date/Time,Price,EMA1,EMA2,MACD,SIGNAL,RSI,RSI-MA
QQQ,05/01/2001,56.62,66.44,74.24,-7.74,-4.84,30.99,33.55
QQQ,12/01/2001,62.73,65.77,73.14,-7.32,-5.15,37.64,33.67
QQQ,19/01/2001,66.31,65.86,72.49,-6.58,-5.33,41.20,34.95
QQQ,26/01/2001,65.55,65.81,71.83,-5.98,-5.41,40.67,36.48
QQQ,02/02/2001,61.55,65.03,70.85,-5.78,-5.46,37.93,37.69
QQQ,09/02/2001,56.40,63.46,69.47,-5.97,-5.52,34.71,38.43
QQQ,16/02/2001,55.13,61.95,68.11,-6.13,-5.60,33.94,37.69
QQQ,23/02/2001,51.18,59.99,66.50,-6.48,-5.71,31.63,35.78
QQQ,02/03/2001,46.70,57.57,64.61,-7.01,-5.87,29.21,33.48
QQQ,09/03/2001,45.10,55.31,62.75,-7.42,-6.06,28.38,31.57
QQQ,16/03/2001,41.20,52.74,60.70,-7.94,-6.30,26.42,29.92
QQQ,23/03/2001,42.80,50.93,59.00,-8.04,-6.52,28.59,28.84
QQQ,30/03/2001,39.15,48.79,57.11,-8.30,-6.74,26.66,27.85
QQQ,06/04/2001,35.95,46.46,55.09,-8.62,-6.97,25.08,27.02
QQQ,12/04/2001,42.80,45.79,53.92,-8.11,-7.12,34.07,28.16
QQQ,20/04/2001,48.40,46.27,53.39,-7.11,-7.12,40.33,30.95
QQQ,27/04/2001,45.15,46.06,52.61,-6.53,-7.04,38.08,32.85
QQQ,04/05/2001,48.20,46.45,52.19,-5.73,-6.88,41.37,35.79
QQQ,11/05/2001,45.55,46.29,51.56,-5.26,-6.68,39.42,38.66
QQQ,18/05/2001,48.04,46.61,51.22,-4.61,-6.42,42.17,40.28
QQQ,25/05/2001,48.99,47.04,51.01,-3.96,-6.11,43.22,40.85
QQQ,01/06/2001,46.05,46.86,50.54,-3.67,-5.81,40.76,41.39
QQQ,08/06/2001,47.35,46.95,50.23,-3.28,-5.49,42.32,41.58
QQQ,15/06/2001,42.60,46.16,49.51,-3.34,-5.22,38.37,41.37
QQQ,22/06/2001,43.25,45.63,48.91,-3.28,-4.98,39.20,40.78
QQQ,29/06/2001,45.70,45.64,48.60,-2.96,-4.73,42.34,40.60
QQQ,06/07/2001,41.65,44.92,47.94,-3.02,-4.51,38.80,40.21
QQQ,13/07/2001,43.15,44.60,47.49,-2.89,-4.31,40.76,39.90
QQQ,20/07/2001,41.65,44.06,46.93,-2.87,-4.13,39.41,40.10
QQQ,27/07/2001,41.95,43.68,46.46,-2.78,-3.96,39.84,40.23
QQQ,03/08/2001,43.18,43.59,46.14,-2.56,-3.78,41.65,40.09
QQQ,10/08/2001,40.28,42.98,45.59,-2.60,-3.64,38.70,40.07
QQQ,17/08/2001,37.76,42.03,44.84,-2.80,-3.53,36.31,39.18
QQQ,24/08/2001,39.30,41.54,44.31,-2.77,-3.44,38.79,39.06
QQQ,31/08/2001,36.63,40.65,43.58,-2.93,-3.37,36.17,38.32
QQQ,07/09/2001,33.70,39.38,42.64,-3.26,-3.36,33.51,36.69
QQQ,10/09/2001,34.10,38.42,41.83,-3.40,-3.36,34.22,35.80
QQQ,21/09/2001,28.19,36.56,40.53,-3.96,-3.44,29.29,34.39
QQQ,28/09/2001,28.98,35.18,39.43,-4.24,-3.54,30.72,32.78
QQQ,05/10/2001,31.76,34.56,38.70,-4.14,-3.61,35.63,32.67
QQQ,12/10/2001,34.55,34.56,38.30,-3.74,-3.63,40.18,34.01
QQQ,19/10/2001,33.55,34.38,37.85,-3.47,-3.61,39.12,34.99
QQQ,26/10/2001,36.01,34.67,37.67,-3.00,-3.53,43.09,37.75
QQQ,02/11/2001,35.60,34.84,37.48,-2.64,-3.42,42.59,40.12
QQQ,09/11/2001,37.73,35.37,37.50,-2.13,-3.26,46.05,42.21
QQQ,16/11/2001,39.37,36.09,37.68,-1.58,-3.05,48.60,43.89
QQQ,23/11/2001,39.28,36.67,37.83,-1.16,-2.81,48.47,45.76
QQQ,30/11/2001,39.65,37.21,38.00,-0.79,-2.56,49.09,46.96
QQQ,07/12/2001,41.73,38.04,38.36,-0.32,-2.28,52.54,48.95
QQQ,14/12/2001,40.11,38.41,38.53,-0.11,-2.01,49.73,49.68
QQQ,21/12/2001,39.48,38.61,38.62,-0.01,-1.76,48.64,49.69
QQQ,28/12/2001,40.33,38.92,38.78,0.14,-1.52,50.21,50.04
QQQ,04/01/2002,41.67,39.42,39.06,0.36,-1.29,52.66,50.76
QQQ,11/01/2002,40.85,39.68,39.23,0.45,-1.07,51.01,50.45
QQQ,18/01/2002,38.59,39.48,39.17,0.32,-0.90,46.71,49.85
QQQ,25/01/2002,38.83,39.36,39.13,0.23,-0.76,47.22,49.56
QQQ,01/02/2002,38.14,39.14,39.04,0.10,-0.65,45.87,48.70
QQQ,08/02/2002,36.17,38.60,38.77,-0.16,-0.59,42.20,46.60
QQQ,15/02/2002,35.78,38.09,38.48,-0.39,-0.56,41.50,44.70
QQQ,22/02/2002,33.65,37.28,38.02,-0.74,-0.59,37.80,42.92
QQQ,01/03/2002,35.74,37.00,37.80,-0.80,-0.61,43.13,42.10
QQQ,08/03/2002,38.67,37.30,37.89,-0.58,-0.61,49.60,42.85
QQQ,15/03/2002,37.23,37.29,37.82,-0.53,-0.60,46.80,43.77
QQQ,22/03/2002,36.68,37.18,37.72,-0.54,-0.59,45.74,44.61
QQQ,28/03/2002,36.06,36.98,37.56,-0.58,-0.59,44.52,45.96
QQQ,05/04/2002,34.37,36.50,37.25,-0.75,-0.61,41.31,45.59
QQQ,12/04/2002,33.52,35.96,36.90,-0.94,-0.65,39.77,43.63
QQQ,19/04/2002,34.46,35.69,36.67,-0.98,-0.69,42.32,42.73
QQQ,26/04/2002,31.04,34.84,36.13,-1.29,-0.77,36.31,40.85
QQQ,03/05/2002,29.74,33.91,35.52,-1.61,-0.87,34.33,38.81
QQQ,10/05/2002,29.56,33.12,34.95,-1.83,-0.99,34.05,37.36
QQQ,17/05/2002,32.93,33.09,34.76,-1.67,-1.08,43.21,38.05
QQQ,24/05/2002,31.24,32.75,34.43,-1.67,-1.15,40.21,37.63
QQQ,31/05/2002,30.04,32.26,34.01,-1.75,-1.23,38.20,38.00
QQQ,07/06/2002,28.30,31.54,33.46,-1.93,-1.31,35.43,38.22
QQQ,14/06/2002,27.62,30.83,32.91,-2.08,-1.41,34.39,38.29
QQQ,21/06/2002,25.82,29.92,32.23,-2.32,-1.52,31.74,36.00
QQQ,28/06/2002,26.10,29.22,31.65,-2.43,-1.64,32.61,34.47
QQQ,05/07/2002,26.34,28.70,31.14,-2.44,-1.74,33.38,33.51
QQQ,12/07/2002,24.80,27.99,30.54,-2.55,-1.84,30.94,32.61
QQQ,19/07/2002,23.99,27.26,29.92,-2.65,-1.94,29.71,31.68
QQQ,26/07/2002,22.67,26.43,29.23,-2.80,-2.05,27.79,30.89
QQQ,02/08/2002,22.25,25.67,28.56,-2.89,-2.15,27.19,29.80
QQQ,09/08/2002,23.33,25.24,28.06,-2.82,-2.24,31.28,29.38
QQQ,16/08/2002,24.70,25.14,27.74,-2.60,-2.28,36.15,30.42
QQQ,23/08/2002,25.15,25.15,27.50,-2.35,-2.29,37.70,32.02
QQQ,30/08/2002,23.49,24.84,27.11,-2.27,-2.29,34.39,33.34
QQQ,06/09/2002,22.85,24.48,26.71,-2.23,-2.28,33.19,34.54
QQQ,13/09/2002,22.99,24.21,26.35,-2.14,-2.26,33.73,35.03
QQQ,20/09/2002,21.67,23.75,25.91,-2.16,-2.25,31.17,34.04
QQQ,27/09/2002,21.31,23.31,25.47,-2.16,-2.24,30.50,32.60
QQQ,04/10/2002,20.35,22.77,24.98,-2.21,-2.24,28.72,31.46
QQQ,11/10/2002,22.22,22.67,24.72,-2.05,-2.21,36.46,32.12
QQQ,18/10/2002,23.81,22.88,24.63,-1.76,-2.16,42.18,33.81
QQQ,25/10/2002,24.70,23.21,24.64,-1.43,-2.07,45.14,36.60
QQQ,01/11/2002,25.25,23.58,24.70,-1.12,-1.95,46.94,39.89
QQQ,08/11/2002,25.07,23.85,24.73,-0.88,-1.81,46.41,43.43
QQQ,15/11/2002,26.44,24.32,24.90,-0.57,-1.66,50.96,46.33
QQQ,22/11/2002,27.72,24.94,25.16,-0.23,-1.48,54.80,48.85
QQQ,29/11/2002,27.72,25.44,25.41,0.04,-1.29,54.80,50.78
QQQ,06/12/2002,26.47,25.63,25.51,0.12,-1.11,50.38,51.47
QQQ,13/12/2002,25.04,25.52,25.46,0.06,-0.97,45.84,51.36
QQQ,20/12/2002,25.32,25.49,25.45,0.04,-0.84,46.85,50.53
QQQ,27/12/2002,24.82,25.37,25.39,-0.03,-0.74,45.24,48.62
QQQ,03/01/2003,25.68,25.42,25.42,0.00,-0.65,48.49,47.36
QQQ,10/01/2003,27.10,25.73,25.58,0.15,-0.55,53.39,47.96
QQQ,17/01/2003,25.31,25.65,25.55,0.10,-0.47,47.31,48.26
QQQ,24/01/2003,24.82,25.50,25.48,0.02,-0.41,45.79,48.04
QQQ,31/01/2003,24.44,25.31,25.38,-0.08,-0.36,44.59,47.91
QQQ,07/02/2003,23.81,25.04,25.23,-0.20,-0.34,42.61,46.74
QQQ,14/02/2003,24.49,24.94,25.16,-0.23,-0.33,45.41,45.14
QQQ,21/02/2003,25.17,24.98,25.16,-0.18,-0.31,48.12,45.30
QQQ,28/02/2003,25.16,25.01,25.16,-0.15,-0.29,48.09,45.76
QQQ,07/03/2003,24.54,24.93,25.10,-0.18,-0.28,45.71,45.99
QQQ,14/03/2003,25.72,25.07,25.16,-0.09,-0.25,50.68,47.60
QQQ,21/03/2003,27.17,25.45,25.35,0.10,-0.21,55.98,49.72
QQQ,28/03/2003,26.08,25.57,25.42,0.14,-0.17,51.52,50.40
QQQ,04/04/2003,26.05,25.65,25.48,0.17,-0.12,51.40,51.06
QQQ,11/04/2003,25.51,25.63,25.49,0.14,-0.09,49.18,51.75
QQQ,17/04/2003,26.82,25.84,25.61,0.23,-0.05,54.31,52.48
QQQ,25/04/2003,26.95,26.05,25.74,0.31,-0.01,54.80,52.24
QQQ,02/05/2003,28.28,26.45,25.98,0.47,0.05,59.52,53.84
QQQ,09/05/2003,28.41,26.81,26.21,0.59,0.12,59.96,55.55
QQQ,16/05/2003,28.70,27.15,26.45,0.70,0.19,60.96,57.91
QQQ,23/05/2003,28.10,27.32,26.61,0.72,0.26,57.74,58.60
QQQ,30/05/2003,29.79,27.77,26.91,0.86,0.33,63.56,60.35
QQQ,06/06/2003,30.13,28.20,27.22,0.98,0.42,64.61,61.36
QQQ,13/06/2003,29.96,28.52,27.48,1.04,0.49,63.62,62.10
QQQ,20/06/2003,30.38,28.86,27.75,1.10,0.57,65.03,62.91
QQQ,27/06/2003,29.83,29.04,27.95,1.08,0.63,61.68,63.70
QQQ,03/07/2003,30.58,29.32,28.20,1.11,0.69,64.36,63.86
QQQ,11/07/2003,31.84,29.78,28.55,1.23,0.76,68.35,64.61
QQQ,18/07/2003,31.28,30.05,28.81,1.24,0.82,64.89,64.86
QQQ,25/07/2003,31.80,30.37,29.09,1.27,0.88,66.58,65.17
QQQ,01/08/2003,31.46,30.57,29.32,1.25,0.92,64.41,65.72
QQQ,08/08/2003,30.07,30.48,29.39,1.09,0.94,56.39,64.13
QQQ,15/08/2003,31.17,30.60,29.56,1.04,0.96,60.56,62.57
QQQ,22/08/2003,32.44,30.94,29.83,1.10,0.97,64.72,62.53
QQQ,29/08/2003,33.39,31.38,30.17,1.21,1.00,67.48,62.71
QQQ,05/09/2003,33.94,31.85,30.53,1.32,1.04,68.98,63.63
QQQ,12/09/2003,33.82,32.21,30.84,1.36,1.08,68.24,66.00
QQQ,19/09/2003,34.58,32.64,31.20,1.44,1.13,70.39,67.96
QQQ,26/09/2003,32.58,32.63,31.33,1.30,1.15,59.12,66.84
QQQ,03/10/2003,34.19,32.91,31.60,1.31,1.17,64.08,66.16
QQQ,10/10/2003,35.01,33.29,31.93,1.36,1.19,66.31,65.63
QQQ,17/10/2003,34.61,33.53,32.18,1.35,1.21,64.23,64.83
QQQ,24/10/2003,34.20,33.65,32.38,1.28,1.22,62.09,63.17
QQQ,31/10/2003,35.18,33.93,32.64,1.29,1.23,65.07,64.36
QQQ,07/11/2003,35.63,34.24,32.93,1.31,1.24,66.37,64.81
QQQ,14/11/2003,35.04,34.39,33.13,1.26,1.24,63.07,64.16
QQQ,21/11/2003,34.23,34.36,33.23,1.12,1.23,58.77,63.07
QQQ,28/11/2003,35.38,34.54,33.44,1.11,1.21,62.64,63.18
QQQ,05/12/2003,35.04,34.63,33.59,1.04,1.19,60.83,62.34
QQQ,12/12/2003,35.24,34.74,33.75,1.00,1.17,61.53,61.37
QQQ,19/12/2003,35.46,34.87,33.91,0.96,1.14,62.33,61.22
QQQ,26/12/2003,35.85,35.05,34.10,0.96,1.12,63.75,62.22
QQQ,02/01/2004,36.36,35.29,34.31,0.98,1.10,65.57,62.80
QQQ,09/01/2004,37.73,35.73,34.64,1.10,1.10,69.92,64.62
QQQ,16/01/2004,38.57,36.25,35.01,1.24,1.12,72.23,66.76
QQQ,23/01/2004,38.01,36.57,35.30,1.27,1.14,68.48,67.99
QQQ,30/01/2004,37.07,36.66,35.47,1.19,1.14,62.63,67.77
QQQ,06/02/2004,37.13,36.75,35.62,1.12,1.14,62.85,67.22
QQQ,13/02/2004,36.94,36.78,35.75,1.03,1.13,61.63,65.56
QQQ,20/02/2004,36.86,36.80,35.86,0.94,1.10,61.10,63.34
QQQ,27/02/2004,36.57,36.75,35.92,0.83,1.07,59.12,61.47
QQQ,05/03/2004,36.63,36.73,35.99,0.74,1.03,59.41,60.82
QQQ,12/03/2004,35.51,36.51,35.94,0.56,0.97,51.98,58.65
QQQ,19/03/2004,34.75,36.19,35.83,0.36,0.89,47.65,55.85
QQQ,26/03/2004,35.22,36.01,35.77,0.24,0.81,50.39,53.71
QQQ,02/04/2004,37.10,36.21,35.90,0.31,0.75,59.48,53.78
QQQ,08/04/2004,36.94,36.34,36.00,0.35,0.70,58.50,53.60
QQQ,16/04/2004,36.09,36.30,36.01,0.29,0.65,53.50,53.90
QQQ,23/04/2004,37.21,36.46,36.12,0.34,0.61,58.51,56.07
QQQ,30/04/2004,34.77,36.16,35.99,0.16,0.55,46.75,55.35
QQQ,07/05/2004,34.97,35.94,35.90,0.04,0.49,47.68,52.99
QQQ,14/05/2004,34.75,35.72,35.79,-0.06,0.42,46.72,50.63
QQQ,21/05/2004,35.02,35.60,35.71,-0.12,0.35,48.09,49.55
QQQ,28/05/2004,36.55,35.77,35.79,-0.02,0.31,55.08,48.86
QQQ,04/06/2004,36.19,35.85,35.83,0.01,0.27,53.27,50.17
QQQ,10/06/2004,36.84,36.03,35.93,0.10,0.25,56.07,51.85
QQQ,18/06/2004,36.44,36.10,35.98,0.13,0.23,53.94,53.29
QQQ,25/06/2004,37.33,36.32,36.10,0.22,0.23,57.76,55.23
QQQ,02/07/2004,36.82,36.41,36.17,0.24,0.23,54.96,55.20
QQQ,09/07/2004,35.75,36.29,36.13,0.16,0.22,49.57,54.46
QQQ,16/07/2004,34.67,36.00,35.99,0.01,0.20,44.81,52.21
QQQ,23/07/2004,34.21,35.67,35.82,-0.15,0.15,42.93,50.00
QQQ,30/07/2004,34.89,35.53,35.73,-0.20,0.11,46.49,47.75
QQQ,06/08/2004,32.72,35.02,35.45,-0.43,0.04,38.32,44.42
QQQ,13/08/2004,32.52,34.57,35.17,-0.60,-0.04,37.67,42.04
QQQ,20/08/2004,34.01,34.46,35.06,-0.59,-0.11,45.13,42.11
QQQ,27/08/2004,34.56,34.48,35.01,-0.53,-0.16,47.62,43.04
QQQ,03/09/2004,34.14,34.42,34.93,-0.51,-0.20,45.92,42.93
QQQ,10/09/2004,35.12,34.55,34.95,-0.40,-0.23,50.35,45.34
QQQ,17/09/2004,35.43,34.71,34.99,-0.28,-0.24,51.69,48.14
QQQ,24/09/2004,34.80,34.72,34.97,-0.25,-0.24,48.82,48.88
QQQ,01/10/2004,36.10,34.97,35.08,-0.11,-0.22,54.41,50.24
QQQ,08/10/2004,35.58,35.08,35.13,-0.04,-0.20,51.98,51.45
QQQ,15/10/2004,35.63,35.18,35.18,0.01,-0.17,52.20,51.82
QQQ,22/10/2004,35.80,35.30,35.24,0.06,-0.14,52.99,52.08
QQQ,29/10/2004,36.90,35.59,35.39,0.19,-0.10,57.80,53.88
QQQ,05/11/2004,37.96,36.02,35.64,0.38,-0.04,61.83,55.36
QQQ,12/11/2004,38.66,36.50,35.93,0.57,0.04,64.25,57.81
QQQ,19/11/2004,38.68,36.90,36.19,0.71,0.12,64.32,60.24
QQQ,26/11/2004,39.21,37.32,36.48,0.84,0.21,66.18,62.88
QQQ,03/12/2004,40.13,37.83,36.82,1.00,0.31,69.17,65.15
QQQ,10/12/2004,39.93,38.21,37.12,1.09,0.41,67.77,66.34
QQQ,17/12/2004,39.47,38.44,37.34,1.10,0.49,64.56,66.40
QQQ,23/12/2004,39.76,38.68,37.57,1.11,0.57,65.66,66.67
QQQ,31/12/2004,39.92,38.90,37.80,1.11,0.64,66.28,66.69
QQQ,07/01/2005,38.55,38.84,37.87,0.97,0.68,56.89,64.23
QQQ,14/01/2005,38.43,38.77,37.92,0.84,0.70,56.15,61.91
QQQ,21/01/2005,37.05,38.45,37.84,0.61,0.69,48.34,58.66
QQQ,28/01/2005,36.92,38.17,37.75,0.42,0.66,47.67,55.06
QQQ,04/02/2005,37.75,38.10,37.75,0.35,0.62,52.20,52.25
QQQ,11/02/2005,37.70,38.03,37.75,0.28,0.57,51.91,51.25
QQQ,18/02/2005,37.35,37.90,37.71,0.19,0.53,49.83,49.99
QQQ,25/02/2005,37.62,37.85,37.70,0.15,0.48,51.43,50.61
QQQ,04/03/2005,37.52,37.79,37.68,0.11,0.43,50.79,51.23
QQQ,11/03/2005,37.17,37.68,37.63,0.04,0.38,48.51,50.49
QQQ,18/03/2005,36.51,37.47,37.53,-0.06,0.33,44.47,49.01
QQQ,24/03/2005,36.27,37.25,37.41,-0.16,0.27,43.08,47.66
QQQ,01/04/2005,36.20,37.06,37.29,-0.23,0.20,42.66,45.90
QQQ,08/04/2005,36.64,36.98,37.23,-0.25,0.15,46.18,44.98
QQQ,15/04/2005,34.74,36.57,36.99,-0.42,0.08,35.96,42.47
QQQ,22/04/2005,35.09,36.30,36.81,-0.51,0.00,38.64,41.31
QQQ,29/04/2005,34.98,36.06,36.64,-0.57,-0.07,38.11,40.31
QQQ,06/05/2005,35.86,36.03,36.56,-0.54,-0.13,44.69,40.72
QQQ,13/05/2005,36.24,36.07,36.53,-0.47,-0.17,47.29,40.94
QQQ,20/05/2005,37.66,36.36,36.64,-0.28,-0.18,55.62,44.87
QQQ,27/05/2005,38.21,36.69,36.79,-0.10,-0.17,58.36,48.81
QQQ,03/06/2005,38.10,36.95,36.91,0.03,-0.15,57.60,52.71
QQQ,10/06/2005,37.55,37.06,36.97,0.08,-0.12,53.84,54.54
QQQ,17/06/2005,37.87,37.21,37.06,0.15,-0.09,55.64,56.21
QQQ,24/06/2005,36.97,37.16,37.05,0.11,-0.06,49.78,55.04
QQQ,01/07/2005,36.73,37.08,37.02,0.06,-0.05,48.33,53.04
QQQ,08/07/2005,37.77,37.21,37.09,0.12,-0.03,54.50,52.42
QQQ,15/07/2005,38.89,37.51,37.26,0.25,0.01,60.01,53.65
QQQ,22/07/2005,39.42,37.86,37.47,0.39,0.06,62.33,54.99
QQQ,29/07/2005,39.58,38.17,37.67,0.50,0.11,63.02,57.64
QQQ,05/08/2005,39.48,38.41,37.84,0.57,0.17,62.25,60.42
QQQ,12/08/2005,39.21,38.56,37.97,0.58,0.22,60.14,61.55
QQQ,19/08/2005,38.82,38.60,38.05,0.55,0.26,57.13,60.97
QQQ,26/08/2005,38.46,38.58,38.09,0.49,0.29,54.45,59.40
QQQ,02/09/2005,38.77,38.61,38.16,0.46,0.31,56.34,58.06
QQQ,09/09/2005,39.62,38.80,38.30,0.50,0.34,61.10,57.83
QQQ,16/09/2005,39.40,38.91,38.40,0.50,0.36,59.31,57.66
QQQ,23/09/2005,38.75,38.88,38.43,0.44,0.37,54.27,57.09
QQQ,30/09/2005,39.46,38.98,38.53,0.45,0.38,58.40,57.88
QQQ,07/10/2005,38.34,38.87,38.51,0.35,0.37,50.66,56.75
QQQ,14/10/2005,38.06,38.72,38.47,0.25,0.36,48.92,54.31
QQQ,21/10/2005,38.55,38.69,38.48,0.21,0.34,52.01,52.85
QQQ,28/10/2005,38.32,38.62,38.46,0.16,0.32,50.48,52.09
QQQ,04/11/2005,40.08,38.89,38.62,0.27,0.31,60.12,52.44
QQQ,11/11/2005,40.71,39.22,38.82,0.40,0.32,62.89,54.88
QQQ,18/11/2005,41.45,39.62,39.07,0.56,0.35,65.87,58.27
QQQ,25/11/2005,41.89,40.04,39.34,0.70,0.40,67.54,61.38
QQQ,02/12/2005,42.11,40.41,39.60,0.81,0.45,68.36,64.95
QQQ,09/12/2005,41.72,40.65,39.80,0.85,0.50,65.21,65.97
QQQ,16/12/2005,41.58,40.82,39.97,0.85,0.54,64.07,66.21
QQQ,23/12/2005,41.40,40.93,40.11,0.82,0.58,62.57,65.55
QQQ,30/12/2005,40.41,40.83,40.14,0.70,0.59,54.98,63.04
QQQ,06/01/2006,42.68,41.17,40.38,0.79,0.62,65.32,62.43
QQQ,13/01/2006,42.98,41.50,40.63,0.87,0.65,66.41,62.67
QQQ,20/01/2006,41.25,41.45,40.69,0.77,0.66,55.59,60.98
QQQ,27/01/2006,42.11,41.57,40.82,0.75,0.67,59.14,60.29
QQQ,03/02/2006,40.92,41.45,40.83,0.62,0.67,52.88,59.87
QQQ,10/02/2006,40.96,41.36,40.84,0.52,0.65,53.06,57.42
QQQ,17/02/2006,41.21,41.34,40.88,0.46,0.62,54.22,54.98
QQQ,24/02/2006,41.26,41.32,40.91,0.41,0.60,54.46,54.75
QQQ,03/03/2006,41.45,41.35,40.97,0.38,0.57,55.42,54.01
QQQ,10/03/2006,40.56,41.20,40.93,0.28,0.53,50.12,53.46
QQQ,17/03/2006,41.45,41.25,40.98,0.27,0.50,54.76,53.80
QQQ,24/03/2006,41.30,41.26,41.01,0.25,0.47,53.86,53.73
QQQ,31/03/2006,41.93,41.38,41.10,0.28,0.45,57.05,54.24
QQQ,07/04/2006,42.32,41.55,41.21,0.34,0.43,58.93,54.94
QQQ,13/04/2006,42.10,41.65,41.30,0.35,0.42,57.41,56.40
QQQ,21/04/2006,42.00,41.71,41.36,0.35,0.41,56.69,56.79
QQQ,28/04/2006,41.85,41.74,41.41,0.33,0.40,55.59,57.13
QQQ,05/05/2006,42.16,41.82,41.48,0.33,0.39,57.43,57.21
QQQ,12/05/2006,40.19,41.52,41.36,0.16,0.37,44.77,54.38
QQQ,19/05/2006,39.35,41.13,41.17,-0.04,0.31,40.68,51.03
QQQ,26/05/2006,39.49,40.83,41.01,-0.18,0.25,41.63,48.02
QQQ,02/06/2006,39.64,40.61,40.88,-0.27,0.19,42.69,45.44
QQQ,09/06/2006,38.15,40.16,40.62,-0.45,0.11,35.79,41.11
QQQ,16/06/2006,38.34,39.83,40.40,-0.57,0.02,37.18,39.59
QQQ,23/06/2006,38.15,39.53,40.19,-0.66,-0.06,36.33,38.72
QQQ,30/06/2006,38.77,39.39,40.05,-0.66,-0.14,41.00,38.60
QQQ,07/07/2006,37.69,39.08,39.83,-0.75,-0.21,36.07,37.27
QQQ,14/07/2006,35.94,38.51,39.46,-0.95,-0.30,29.83,36.08
QQQ,21/07/2006,35.70,38.00,39.10,-1.10,-0.40,29.09,34.47
QQQ,28/07/2006,37.11,37.84,38.91,-1.07,-0.49,38.66,34.93
QQQ,04/08/2006,36.95,37.68,38.72,-1.05,-0.56,38.03,34.34
QQQ,11/08/2006,36.53,37.47,38.51,-1.05,-0.62,36.38,34.40
QQQ,18/08/2006,38.79,37.71,38.54,-0.83,-0.65,49.12,38.26
QQQ,25/08/2006,38.32,37.82,38.52,-0.70,-0.65,47.02,41.84
QQQ,01/09/2006,39.08,38.05,38.57,-0.52,-0.64,50.67,44.24
QQQ,08/09/2006,38.72,38.17,38.59,-0.42,-0.61,48.96,46.43
QQQ,15/09/2006,40.11,38.52,38.73,-0.21,-0.56,55.21,50.20
QQQ,22/09/2006,39.87,38.77,38.84,-0.07,-0.50,53.99,51.17
QQQ,29/09/2006,40.65,39.11,39.01,0.10,-0.42,57.29,53.22
QQQ,06/10/2006,41.41,39.53,39.24,0.29,-0.33,60.26,55.14
QQQ,13/10/2006,42.43,40.06,39.54,0.51,-0.23,63.88,58.13
QQQ,20/10/2006,42.00,40.41,39.78,0.63,-0.12,61.36,59.36
QQQ,27/10/2006,42.21,40.74,40.01,0.73,-0.02,62.14,60.99
QQQ,03/11/2006,41.93,40.95,40.19,0.76,0.08,60.39,61.61
QQQ,10/11/2006,43.03,41.33,40.46,0.87,0.18,64.58,62.47
QQQ,17/11/2006,44.30,41.87,40.83,1.04,0.29,68.68,63.43
QQQ,24/11/2006,44.65,42.38,41.19,1.18,0.40,69.72,65.10
QQQ,01/12/2006,43.66,42.61,41.43,1.18,0.50,63.37,65.35
QQQ,08/12/2006,43.90,42.84,41.66,1.18,0.58,64.22,66.11
QQQ,15/12/2006,44.43,43.13,41.93,1.21,0.66,66.07,66.41
QQQ,22/12/2006,42.93,43.10,42.02,1.07,0.71,57.10,64.09
QQQ,29/12/2006,43.16,43.11,42.13,0.98,0.75,58.04,61.76
QQQ,05/01/2007,43.85,43.24,42.29,0.95,0.77,60.79,61.24
QQQ,12/01/2007,45.31,43.62,42.58,1.04,0.80,65.86,61.57
QQQ,19/01/2007,44.17,43.72,42.73,0.99,0.83,59.43,60.24
QQQ,26/01/2007,43.57,43.69,42.81,0.88,0.83,56.33,60.09
QQQ,02/02/2007,44.16,43.78,42.94,0.84,0.83,58.60,60.20
QQQ,09/02/2007,43.88,43.80,43.03,0.77,0.83,57.09,59.46
QQQ,16/02/2007,44.71,43.96,43.19,0.77,0.82,60.34,58.36
QQQ,23/02/2007,45.26,44.20,43.39,0.81,0.82,62.37,58.94
QQQ,02/03/2007,42.48,43.89,43.30,0.58,0.79,48.86,57.45
QQQ,09/03/2007,42.93,43.71,43.27,0.45,0.75,50.71,55.87
QQQ,16/03/2007,42.83,43.55,43.22,0.33,0.69,50.27,54.51
QQQ,23/03/2007,44.12,43.65,43.31,0.35,0.65,55.53,53.55
QQQ,30/03/2007,43.53,43.63,43.33,0.30,0.61,52.79,51.63
QQQ,05/04/2007,44.56,43.80,43.45,0.35,0.57,56.77,53.22
QQQ,13/04/2007,44.65,43.96,43.56,0.39,0.55,57.11,54.50
QQQ,20/04/2007,45.40,44.22,43.74,0.48,0.54,59.92,56.43
QQQ,27/04/2007,46.57,44.65,44.01,0.64,0.56,63.86,58.09
QQQ,04/05/2007,46.63,45.01,44.26,0.75,0.58,64.06,60.35
QQQ,11/05/2007,46.78,45.33,44.50,0.83,0.61,64.57,61.90
QQQ,18/05/2007,46.71,45.58,44.71,0.87,0.64,64.11,63.30
QQQ,25/05/2007,46.45,45.74,44.87,0.86,0.67,62.36,63.79
QQQ,01/06/2007,47.44,46.05,45.12,0.93,0.70,66.14,64.25
QQQ,08/06/2007,46.91,46.20,45.29,0.92,0.73,62.54,63.94
QQQ,15/06/2007,47.76,46.49,45.52,0.96,0.76,65.74,64.18
QQQ,22/06/2007,47.29,46.63,45.69,0.94,0.78,62.57,63.87
QQQ,29/06/2007,47.60,46.81,45.87,0.93,0.80,63.81,64.16
QQQ,06/07/2007,48.86,47.18,46.16,1.02,0.83,68.34,64.60
QQQ,13/07/2007,49.90,47.68,46.51,1.16,0.87,71.51,66.39
QQQ,20/07/2007,50.05,48.11,46.85,1.26,0.92,71.94,67.63
QQQ,27/07/2007,47.99,48.09,46.96,1.13,0.94,58.79,66.88
QQQ,03/08/2007,47.42,47.97,47.00,0.96,0.95,55.77,65.27
QQQ,10/08/2007,47.28,47.84,47.03,0.81,0.93,55.03,62.61
QQQ,17/08/2007,46.31,47.56,46.96,0.60,0.89,50.07,58.32
QQQ,24/08/2007,48.20,47.68,47.08,0.60,0.85,57.98,55.53
QQQ,31/08/2007,48.87,47.89,47.25,0.65,0.83,60.36,55.84
QQQ,07/09/2007,48.23,47.96,47.34,0.61,0.80,57.05,56.10
QQQ,14/09/2007,49.22,48.19,47.52,0.66,0.78,60.63,57.22
QQQ,21/09/2007,50.36,48.58,47.79,0.79,0.78,64.30,60.06
QQQ,28/09/2007,51.41,49.10,48.14,0.96,0.81,67.31,61.93
QQQ,05/10/2007,52.82,49.77,48.58,1.19,0.85,70.84,64.03
QQQ,12/10/2007,53.53,50.46,49.05,1.40,0.92,72.45,67.11
QQQ,19/10/2007,52.44,50.82,49.38,1.44,0.99,66.43,68.27
QQQ,26/10/2007,53.93,51.38,49.81,1.57,1.06,70.07,69.42
QQQ,02/11/2007,54.42,51.93,50.25,1.69,1.14,71.17,70.19
QQQ,09/11/2007,50.00,51.58,50.23,1.36,1.17,52.49,66.52
QQQ,16/11/2007,50.28,51.35,50.23,1.12,1.16,53.32,62.70
QQQ,23/11/2007,49.84,51.07,50.19,0.88,1.12,51.79,59.77
QQQ,30/11/2007,51.31,51.12,50.30,0.82,1.09,56.27,57.01
QQQ,07/12/2007,52.33,51.34,50.49,0.84,1.06,59.10,54.59
QQQ,14/12/2007,50.97,51.27,50.54,0.73,1.01,54.10,54.92
QQQ,21/12/2007,51.85,51.38,50.66,0.71,0.98,56.65,55.58
QQQ,28/12/2007,51.82,51.46,50.77,0.68,0.94,56.53,56.53
QQQ,04/01/2008,48.40,50.90,50.55,0.35,0.87,45.35,54.35
QQQ,11/01/2008,47.05,50.20,50.21,-0.01,0.76,41.85,50.90
QQQ,18/01/2008,45.35,49.32,49.75,-0.43,0.61,37.90,47.66
QQQ,25/01/2008,43.99,48.35,49.20,-0.85,0.43,35.07,43.34
QQQ,01/02/2008,45.59,47.85,48.86,-1.01,0.25,40.66,40.17
QQQ,08/02/2008,43.60,47.08,48.36,-1.28,0.05,36.47,38.39
QQQ,15/02/2008,43.82,46.48,47.93,-1.44,-0.13,37.24,37.47
QQQ,22/02/2008,43.68,45.97,47.52,-1.55,-0.31,36.94,37.28
QQQ,29/02/2008,42.95,45.42,47.09,-1.66,-0.48,35.33,37.33
QQQ,07/03/2008,42.07,44.81,46.61,-1.79,-0.64,33.45,35.89
QQQ,14/03/2008,42.25,44.35,46.19,-1.85,-0.79,34.21,35.43
QQQ,20/03/2008,43.09,44.12,45.90,-1.78,-0.92,37.80,35.55
QQQ,28/03/2008,43.49,44.00,45.67,-1.66,-1.01,39.49,36.06
QQQ,04/04/2008,45.86,44.34,45.69,-1.34,-1.05,48.36,38.66
QQQ,11/04/2008,44.28,44.33,45.55,-1.22,-1.07,43.78,40.73
QQQ,18/04/2008,46.71,44.76,45.66,-0.90,-1.05,51.37,44.16
QQQ,25/04/2008,47.15,45.20,45.80,-0.61,-1.00,52.62,47.12
QQQ,02/05/2008,48.77,45.85,46.09,-0.24,-0.90,56.95,50.62
QQQ,09/05/2008,48.21,46.28,46.29,-0.01,-0.79,55.09,51.96
QQQ,16/05/2008,50.01,46.96,46.64,0.31,-0.65,59.64,55.13
QQQ,23/05/2008,48.20,47.18,46.79,0.39,-0.52,53.76,55.61
QQQ,30/05/2008,50.01,47.70,47.10,0.60,-0.38,58.18,56.73
QQQ,06/06/2008,49.03,47.94,47.28,0.66,-0.25,55.13,56.36
QQQ,13/06/2008,48.37,48.02,47.39,0.63,-0.14,53.11,55.97
QQQ,20/06/2008,47.42,47.91,47.39,0.52,-0.06,50.28,54.09
QQQ,27/06/2008,45.65,47.50,47.22,0.27,-0.02,45.45,52.43
QQQ,03/07/2008,44.63,46.98,46.98,-0.00,-0.02,42.90,49.38
QQQ,11/07/2008,44.56,46.54,46.75,-0.21,-0.04,42.73,46.90
QQQ,18/07/2008,44.59,46.18,46.54,-0.36,-0.08,42.83,44.84
QQQ,25/07/2008,45.27,46.02,46.42,-0.40,-0.12,45.33,43.85
QQQ,01/08/2008,44.88,45.81,46.27,-0.46,-0.16,44.15,43.59
QQQ,08/08/2008,47.32,46.08,46.37,-0.29,-0.18,52.47,45.50
QQQ,15/08/2008,48.16,46.46,46.54,-0.08,-0.17,54.95,47.95
QQQ,22/08/2008,47.49,46.65,46.63,0.02,-0.14,52.61,49.90
QQQ,29/08/2008,46.12,46.55,46.58,-0.03,-0.13,48.11,50.46
QQQ,05/09/2008,43.45,45.99,46.29,-0.30,-0.15,40.83,49.79
QQQ,12/09/2008,43.43,45.52,46.01,-0.49,-0.19,40.78,47.46
QQQ,19/09/2008,42.90,45.05,45.72,-0.67,-0.25,39.42,44.35
QQQ,26/09/2008,41.08,44.33,45.28,-0.95,-0.34,35.12,40.85
QQQ,03/10/2008,36.18,42.84,44.41,-1.57,-0.49,26.70,36.57
QQQ,10/10/2008,31.32,40.75,43.16,-2.41,-0.73,21.29,32.66
QQQ,17/10/2008,32.30,39.21,42.13,-2.92,-1.01,24.59,29.42
QQQ,24/10/2008,29.51,37.45,40.93,-3.48,-1.31,21.80,25.90
QQQ,31/10/2008,32.89,36.62,40.16,-3.54,-1.59,31.84,25.25
QQQ,07/11/2008,31.19,35.63,39.31,-3.67,-1.85,29.78,25.86
QQQ,14/11/2008,28.98,34.42,38.32,-3.90,-2.11,27.32,27.07
QQQ,21/11/2008,26.67,33.01,37.21,-4.20,-2.37,25.00,27.15
QQQ,28/11/2008,29.12,32.31,36.44,-4.14,-2.59,31.59,29.11
QQQ,05/12/2008,28.94,31.69,35.73,-4.03,-2.77,31.38,29.02
QQQ,12/12/2008,29.68,31.33,35.15,-3.82,-2.90,33.39,29.74
QQQ,19/12/2008,29.86,31.06,34.65,-3.59,-2.99,33.90,31.05
QQQ,26/12/2008,29.13,30.71,34.12,-3.41,-3.04,32.81,32.62
QQQ,02/01/2009,31.03,30.77,33.83,-3.06,-3.04,38.31,33.96
QQQ,09/01/2009,30.07,30.64,33.47,-2.83,-3.02,36.69,35.02
QQQ,16/01/2009,29.42,30.42,33.08,-2.67,-2.97,35.59,35.46
QQQ,23/01/2009,28.90,30.14,32.69,-2.54,-2.92,34.70,35.62
QQQ,30/01/2009,29.06,29.95,32.34,-2.39,-2.85,35.24,36.11
QQQ,06/02/2009,31.37,30.20,32.25,-2.04,-2.75,42.49,36.94
QQQ,13/02/2009,30.43,30.25,32.07,-1.83,-2.64,40.51,37.71
QQQ,20/02/2009,28.87,30.00,31.77,-1.77,-2.53,37.42,38.07
QQQ,27/02/2009,27.53,29.55,31.37,-1.82,-2.44,34.95,38.12
QQQ,06/03/2009,26.30,28.96,30.88,-1.93,-2.38,32.83,37.64
QQQ,13/03/2009,28.74,28.92,30.68,-1.76,-2.30,40.51,37.25
QQQ,20/03/2009,29.18,28.97,30.54,-1.57,-2.21,41.80,37.50
QQQ,27/03/2009,30.82,29.30,30.56,-1.26,-2.09,46.42,39.30
QQQ,03/04/2009,32.35,29.86,30.73,-0.88,-1.94,50.37,42.39
QQQ,09/04/2009,32.94,30.42,30.94,-0.53,-1.76,51.83,46.19
QQQ,17/04/2009,33.31,30.94,31.17,-0.23,-1.57,52.77,48.64
QQQ,24/04/2009,33.69,31.44,31.41,0.03,-1.37,53.76,51.03
QQQ,01/05/2009,34.37,31.97,31.69,0.28,-1.16,55.54,52.85
QQQ,08/05/2009,34.23,32.38,31.93,0.45,-0.96,55.07,53.79
QQQ,15/05/2009,33.37,32.56,32.07,0.49,-0.78,52.17,53.86
QQQ,22/05/2009,33.54,32.74,32.21,0.53,-0.62,52.70,53.85
QQQ,29/05/2009,35.38,33.22,32.51,0.71,-0.45,58.06,54.71
QQQ,05/06/2009,36.78,33.87,32.92,0.95,-0.27,61.61,55.92
QQQ,12/06/2009,36.65,34.37,33.27,1.10,-0.10,61.10,57.13
QQQ,19/06/2009,36.16,34.70,33.55,1.15,0.05,59.10,58.51
QQQ,26/06/2009,36.37,35.00,33.82,1.19,0.20,59.71,59.92
QQQ,02/07/2009,35.60,35.11,33.99,1.12,0.31,56.44,59.59
QQQ,10/07/2009,34.92,35.08,34.08,1.00,0.40,53.65,58.00
QQQ,17/07/2009,37.56,35.53,34.41,1.12,0.49,61.54,58.09
QQQ,24/07/2009,39.05,36.17,34.85,1.32,0.59,65.13,59.29
QQQ,31/07/2009,39.45,36.77,35.29,1.48,0.70,66.04,60.56
QQQ,07/08/2009,39.88,37.33,35.73,1.61,0.82,67.03,62.68
QQQ,14/08/2009,39.63,37.75,36.10,1.65,0.92,65.83,65.11
QQQ,21/08/2009,40.29,38.21,36.50,1.71,1.02,67.48,66.30
QQQ,28/08/2009,40.44,38.62,36.87,1.74,1.11,67.85,66.85
QQQ,04/09/2009,40.36,38.93,37.20,1.73,1.19,67.41,67.12
QQQ,11/09/2009,41.52,39.40,37.62,1.79,1.26,70.43,67.80
QQQ,18/09/2009,42.44,39.96,38.07,1.88,1.34,72.59,69.15
QQQ,25/09/2009,41.70,40.27,38.42,1.85,1.40,68.29,69.31
QQQ,02/10/2009,40.88,40.38,38.65,1.73,1.44,63.81,68.50
QQQ,09/10/2009,42.48,40.76,39.02,1.75,1.48,68.17,68.66
QQQ,16/10/2009,42.78,41.13,39.38,1.75,1.52,68.93,68.36
QQQ,23/10/2009,43.13,41.49,39.73,1.76,1.55,69.82,67.80
QQQ,30/10/2009,40.96,41.40,39.85,1.55,1.55,58.63,65.87
QQQ,06/11/2009,42.60,41.62,40.11,1.50,1.54,63.38,65.79
QQQ,13/11/2009,44.01,42.05,40.48,1.57,1.54,66.89,65.53
QQQ,20/11/2009,43.44,42.30,40.77,1.54,1.54,64.22,64.59
QQQ,27/11/2009,43.51,42.52,41.03,1.50,1.54,64.41,63.51
QQQ,04/12/2009,44.12,42.81,41.32,1.49,1.53,66.06,64.99
QQQ,11/12/2009,44.13,43.05,41.59,1.46,1.52,66.09,65.53
QQQ,18/12/2009,44.46,43.31,41.86,1.45,1.51,67.04,65.56
QQQ,24/12/2009,45.98,43.79,42.25,1.54,1.52,71.04,66.93
QQQ,31/12/2009,45.75,44.15,42.59,1.56,1.52,69.67,67.98
QQQ,08/01/2010,46.55,44.59,42.96,1.62,1.54,71.70,69.11
QQQ,15/01/2010,45.85,44.82,43.24,1.58,1.54,67.46,69.38
QQQ,22/01/2010,44.16,44.70,43.33,1.37,1.52,58.51,67.67
QQQ,29/01/2010,42.79,44.35,43.28,1.07,1.46,52.46,63.96
QQQ,05/02/2010,42.98,44.10,43.25,0.85,1.39,53.18,60.66
QQQ,12/02/2010,43.76,44.04,43.30,0.74,1.31,56.10,57.54
QQQ,19/02/2010,44.83,44.18,43.44,0.74,1.24,59.79,56.01
QQQ,26/02/2010,44.76,44.29,43.57,0.72,1.17,59.44,56.19
QQQ,05/03/2010,46.44,44.68,43.84,0.84,1.13,64.74,58.65
QQQ,12/03/2010,47.36,45.17,44.18,0.99,1.11,67.26,61.46
QQQ,19/03/2010,47.49,45.59,44.49,1.10,1.11,67.60,63.76
QQQ,26/03/2010,48.00,46.03,44.83,1.20,1.12,69.00,65.61
QQQ,01/04/2010,48.16,46.42,45.14,1.27,1.14,69.44,67.61
QQQ,09/04/2010,49.03,46.89,45.51,1.38,1.17,71.78,69.01
QQQ,16/04/2010,49.53,47.37,45.90,1.47,1.21,73.05,70.17
QQQ,23/04/2010,50.52,47.94,46.34,1.61,1.26,75.40,71.73
QQQ,30/04/2010,49.24,48.18,46.61,1.57,1.30,67.27,71.39
QQQ,07/05/2010,45.41,47.68,46.50,1.18,1.28,50.00,67.50
QQQ,14/05/2010,46.93,47.54,46.54,1.00,1.25,54.92,64.13
QQQ,21/05/2010,44.84,47.05,46.38,0.67,1.17,47.97,59.11
QQQ,28/05/2010,45.60,46.79,46.30,0.48,1.09,50.41,54.11
QQQ,04/06/2010,45.09,46.48,46.19,0.29,0.99,48.76,50.41
QQQ,11/06/2010,45.50,46.30,46.12,0.18,0.89,50.17,50.45
QQQ,18/06/2010,47.00,46.43,46.21,0.22,0.80,55.00,50.46
QQQ,25/06/2010,45.27,46.22,46.12,0.10,0.72,49.11,50.69
QQQ,02/07/2010,42.47,45.54,45.77,-0.23,0.60,41.43,48.89
QQQ,09/07/2010,44.62,45.37,45.66,-0.29,0.49,48.11,48.76
QQQ,16/07/2010,44.34,45.18,45.53,-0.35,0.38,47.36,48.20
QQQ,23/07/2010,46.06,45.34,45.58,-0.24,0.30,52.28,47.66
QQQ,30/07/2010,45.81,45.43,45.61,-0.18,0.24,51.53,48.14
QQQ,06/08/2010,46.76,45.67,45.72,-0.05,0.21,54.20,50.69
QQQ,13/08/2010,44.72,45.50,45.62,-0.12,0.17,48.09,50.69
QQQ,20/08/2010,44.92,45.39,45.55,-0.16,0.12,48.70,50.96
QQQ,27/08/2010,44.07,45.15,45.41,-0.26,0.08,46.24,49.75
QQQ,03/09/2010,46.01,45.31,45.47,-0.16,0.05,52.16,49.88
QQQ,10/09/2010,46.60,45.54,45.58,-0.03,0.04,53.81,49.80
QQQ,17/09/2010,47.99,45.99,45.81,0.18,0.05,57.52,51.69
QQQ,24/09/2010,49.66,46.66,46.17,0.48,0.11,61.51,54.25
QQQ,01/10/2010,49.01,47.08,46.44,0.64,0.17,59.19,56.84
QQQ,08/10/2010,49.75,47.57,46.76,0.81,0.25,60.98,58.60
QQQ,15/10/2010,51.49,48.28,47.21,1.07,0.36,64.87,60.81
QQQ,22/10/2010,51.64,48.89,47.63,1.26,0.47,65.19,62.35
QQQ,29/10/2010,52.18,49.49,48.06,1.43,0.59,66.37,63.32
QQQ,05/11/2010,53.67,50.25,48.60,1.65,0.72,69.44,65.37
QQQ,12/11/2010,52.51,50.66,48.97,1.69,0.84,64.53,66.08
QQQ,19/11/2010,52.47,50.99,49.30,1.69,0.95,64.36,65.98
QQQ,26/11/2010,52.77,51.31,49.63,1.68,1.04,65.09,65.96
QQQ,03/12/2010,53.87,51.78,50.04,1.74,1.13,67.69,66.22
QQQ,10/12/2010,54.49,52.27,50.46,1.81,1.21,69.08,66.15
QQQ,17/12/2010,54.52,52.68,50.85,1.83,1.29,69.15,67.08
QQQ,23/12/2010,54.74,53.05,51.22,1.84,1.36,69.68,68.14
QQQ,31/12/2010,54.46,53.31,51.53,1.78,1.41,68.09,68.74
QQQ,07/01/2011,55.87,53.78,51.94,1.83,1.46,71.60,69.52
QQQ,14/01/2011,57.00,54.36,52.42,1.94,1.52,74.05,70.52
QQQ,21/01/2011,55.68,54.60,52.73,1.87,1.57,66.83,70.05
QQQ,28/01/2011,55.73,54.81,53.02,1.79,1.59,66.96,69.51
QQQ,04/02/2011,57.38,55.27,53.43,1.84,1.62,71.00,70.09
QQQ,11/02/2011,58.44,55.85,53.91,1.94,1.66,73.26,70.42
QQQ,18/02/2011,58.73,56.37,54.37,2.00,1.71,73.85,70.38
QQQ,25/02/2011,57.65,56.61,54.68,1.92,1.73,67.83,70.58
QQQ,04/03/2011,57.97,56.85,55.00,1.86,1.75,68.64,70.91
QQQ,11/03/2011,56.49,56.79,55.14,1.65,1.74,61.01,68.92
QQQ,18/03/2011,54.45,56.36,55.07,1.29,1.68,52.40,64.74
QQQ,25/03/2011,56.84,56.45,55.24,1.21,1.62,59.56,61.89
QQQ,01/04/2011,57.46,56.63,55.45,1.18,1.57,61.18,60.56
QQQ,08/04/2011,56.95,56.69,55.59,1.10,1.51,59.09,58.65
QQQ,15/04/2011,56.65,56.68,55.70,0.99,1.44,57.85,58.02
QQQ,21/04/2011,58.34,56.98,55.95,1.04,1.39,62.60,60.06
QQQ,29/04/2011,59.08,57.37,56.25,1.12,1.36,64.49,61.04
QQQ,06/05/2011,58.47,57.57,56.46,1.11,1.33,61.74,61.15
QQQ,13/05/2011,58.41,57.72,56.64,1.08,1.30,61.47,61.63
QQQ,20/05/2011,57.77,57.73,56.75,0.98,1.26,58.49,61.76
QQQ,27/05/2011,57.43,57.67,56.82,0.86,1.21,56.91,60.62
QQQ,03/06/2011,56.35,57.43,56.77,0.66,1.14,52.15,58.15
QQQ,10/06/2011,54.64,56.93,56.57,0.36,1.04,45.66,54.93
QQQ,17/06/2011,53.79,56.36,56.30,0.05,0.92,42.82,51.20
QQQ,24/06/2011,54.38,56.00,56.12,-0.12,0.79,45.34,48.58
QQQ,01/07/2011,57.91,56.34,56.29,0.05,0.70,57.41,48.67
QQQ,08/07/2011,59.03,56.83,56.55,0.28,0.64,60.38,50.32
QQQ,15/07/2011,57.85,57.02,56.68,0.34,0.61,55.97,52.38
QQQ,22/07/2011,59.60,57.49,56.95,0.53,0.60,60.55,55.93
QQQ,29/07/2011,58.00,57.58,57.05,0.53,0.59,54.95,57.85
QQQ,05/08/2011,53.83,56.90,56.75,0.15,0.53,43.68,55.11
QQQ,12/08/2011,53.57,56.29,56.44,-0.15,0.45,43.09,51.65
QQQ,19/08/2011,50.03,55.15,55.83,-0.68,0.31,35.99,47.65
QQQ,26/08/2011,53.13,54.79,55.58,-0.79,0.17,44.56,44.45
QQQ,02/09/2011,53.28,54.51,55.36,-0.84,0.04,44.94,42.45
QQQ,09/09/2011,53.18,54.27,55.15,-0.88,-0.07,44.72,42.66
QQQ,16/09/2011,56.59,54.69,55.29,-0.59,-0.14,53.11,44.66
QQQ,23/09/2011,54.15,54.59,55.18,-0.59,-0.19,47.58,46.98
QQQ,30/09/2011,52.49,54.21,54.92,-0.71,-0.26,44.21,46.91
QQQ,07/10/2011,54.07,54.19,54.84,-0.66,-0.31,47.96,47.52
QQQ,14/10/2011,58.18,54.91,55.16,-0.25,-0.30,56.17,49.81
QQQ,21/10/2011,57.30,55.35,55.36,-0.02,-0.26,54.21,50.03
QQQ,28/10/2011,58.94,56.00,55.70,0.30,-0.19,57.19,51.95
QQQ,04/11/2011,57.80,56.33,55.90,0.42,-0.12,54.55,54.02
QQQ,11/11/2011,57.85,56.60,56.09,0.51,-0.04,54.64,55.35
QQQ,18/11/2011,55.40,56.38,56.02,0.36,0.01,49.05,53.93
QQQ,25/11/2011,52.88,55.75,55.72,0.02,0.01,44.08,51.90
QQQ,02/12/2011,56.62,55.91,55.81,0.10,0.02,51.84,50.83
QQQ,09/12/2011,57.02,56.11,55.92,0.18,0.04,52.60,50.44
QQQ,16/12/2011,54.86,55.88,55.82,0.06,0.05,48.23,49.16
QQQ,23/12/2011,56.08,55.92,55.85,0.07,0.05,50.71,49.49
QQQ,30/12/2011,55.83,55.90,55.85,0.06,0.05,50.18,50.71
QQQ,06/01/2012,57.81,56.25,56.03,0.22,0.07,54.22,51.19
QQQ,13/01/2012,58.18,56.60,56.24,0.36,0.11,54.95,51.66
QQQ,20/01/2012,59.77,57.18,56.57,0.60,0.17,58.04,53.62
QQQ,27/01/2012,60.40,57.76,56.94,0.82,0.25,59.22,55.32
QQQ,03/02/2012,62.05,58.54,57.43,1.12,0.36,62.22,57.73
QQQ,10/02/2012,62.47,59.26,57.91,1.35,0.48,62.96,59.48
QQQ,17/02/2012,63.43,60.02,58.43,1.58,0.62,64.66,61.42
QQQ,24/02/2012,63.96,60.73,58.96,1.77,0.76,65.59,62.93
QQQ,02/03/2012,64.87,61.48,59.52,1.96,0.91,67.19,64.52
QQQ,09/03/2012,65.02,62.13,60.04,2.08,1.06,67.46,65.57
QQQ,16/03/2012,66.52,62.93,60.66,2.26,1.21,70.06,66.99
QQQ,23/03/2012,66.94,63.66,61.26,2.40,1.36,70.76,68.21
QQQ,30/03/2012,67.55,64.36,61.86,2.51,1.50,71.79,69.45
QQQ,05/04/2012,67.72,64.97,62.42,2.56,1.63,72.09,70.43
QQQ,13/04/2012,66.19,65.20,62.78,2.42,1.73,65.51,70.04
QQQ,20/04/2012,65.68,65.28,63.05,2.23,1.79,63.45,68.72
QQQ,27/04/2012,67.24,65.64,63.45,2.19,1.84,66.87,67.94
QQQ,04/05/2012,64.70,65.47,63.57,1.90,1.85,57.48,65.08
QQQ,11/05/2012,64.18,65.23,63.63,1.61,1.82,55.76,61.81
QQQ,18/05/2012,60.81,64.43,63.36,1.07,1.73,46.18,57.95
QQQ,25/05/2012,62.07,64.00,63.24,0.76,1.61,49.64,55.19
QQQ,01/06/2012,60.41,63.35,62.97,0.38,1.45,45.50,50.91
QQQ,08/06/2012,62.87,63.26,62.96,0.30,1.31,51.87,49.79
QQQ,15/06/2012,62.99,63.21,62.96,0.25,1.18,52.17,49.07
QQQ,22/06/2012,63.35,63.24,63.00,0.24,1.06,53.08,50.45
QQQ,29/06/2012,64.16,63.40,63.11,0.30,0.96,55.15,51.56
QQQ,06/07/2012,64.12,63.53,63.21,0.33,0.88,55.02,53.46
QQQ,13/07/2012,63.38,63.51,63.22,0.28,0.81,52.60,53.60
QQQ,20/07/2012,64.24,63.64,63.32,0.32,0.75,55.06,54.18
QQQ,27/07/2012,64.87,63.86,63.47,0.40,0.70,56.83,54.93
QQQ,03/08/2012,65.60,64.18,63.67,0.51,0.68,58.84,55.67
QQQ,10/08/2012,66.86,64.67,63.97,0.69,0.68,62.09,57.08
QQQ,17/08/2012,68.32,65.33,64.39,0.94,0.71,65.49,59.66
QQQ,24/08/2012,68.29,65.87,64.76,1.11,0.76,65.36,61.72
QQQ,31/08/2012,68.16,66.29,65.08,1.20,0.82,64.77,63.31
QQQ,07/09/2012,69.43,66.86,65.50,1.36,0.89,67.81,65.10
QQQ,14/09/2012,70.18,67.46,65.94,1.52,0.97,69.48,66.58
QQQ,21/09/2012,70.15,67.95,66.34,1.61,1.05,69.33,67.35
QQQ,28/09/2012,68.57,68.06,66.56,1.51,1.10,61.61,66.60
QQQ,05/10/2012,68.98,68.23,66.79,1.44,1.15,62.77,66.20
QQQ,12/10/2012,66.68,67.95,66.78,1.17,1.15,53.18,63.27
QQQ,19/10/2012,65.68,67.54,66.67,0.86,1.11,49.64,59.31
QQQ,26/10/2012,65.35,67.14,66.55,0.59,1.05,48.50,55.14
QQQ,02/11/2012,65.17,66.78,66.42,0.37,0.96,47.86,52.39
QQQ,09/11/2012,63.43,66.17,66.13,0.04,0.85,42.09,48.25
QQQ,16/11/2012,62.30,65.47,65.77,-0.30,0.70,38.83,45.39
QQQ,23/11/2012,64.90,65.36,65.68,-0.32,0.58,48.63,45.18
QQQ,30/11/2012,65.80,65.44,65.69,-0.25,0.47,51.51,45.79
QQQ,07/12/2012,64.93,65.35,65.62,-0.27,0.38,48.69,45.95
QQQ,14/12/2012,64.69,65.23,65.53,-0.30,0.29,47.91,47.11
QQQ,21/12/2012,65.20,65.22,65.50,-0.28,0.22,49.74,49.30
QQQ,28/12/2012,63.78,64.96,65.34,-0.38,0.15,45.02,48.57
QQQ,04/01/2013,66.63,65.27,65.46,-0.20,0.11,54.33,49.14
QQQ,11/01/2013,67.26,65.63,65.63,-0.00,0.09,56.09,50.62
QQQ,18/01/2013,67.07,65.89,65.77,0.12,0.10,55.40,52.12
QQQ,25/01/2013,67.00,66.09,65.89,0.21,0.11,55.13,53.19
QQQ,01/02/2013,67.66,66.38,66.06,0.32,0.14,57.22,55.63
QQQ,08/02/2013,67.99,66.67,66.24,0.43,0.17,58.26,56.42
QQQ,15/02/2013,67.75,66.87,66.38,0.48,0.21,57.18,56.64
QQQ,22/02/2013,67.14,66.92,66.46,0.46,0.24,54.42,56.44
QQQ,01/03/2013,67.38,67.00,66.54,0.46,0.27,55.33,56.48
QQQ,08/03/2013,68.77,67.32,66.76,0.57,0.31,60.24,57.09
QQQ,15/03/2013,68.51,67.54,66.92,0.62,0.35,58.94,57.22
QQQ,22/03/2013,68.59,67.73,67.08,0.65,0.38,59.23,57.63
QQQ,28/03/2013,68.97,67.96,67.26,0.69,0.42,60.65,58.88
QQQ,05/04/2013,67.86,67.94,67.32,0.62,0.45,54.71,58.75
QQQ,12/04/2013,69.94,68.30,67.57,0.73,0.48,62.15,59.14
QQQ,19/04/2013,68.09,68.26,67.62,0.65,0.50,53.74,58.09
QQQ,26/04/2013,69.57,68.50,67.80,0.70,0.53,58.55,57.96
QQQ,03/05/2013,72.12,69.16,68.21,0.94,0.58,65.22,58.87
QQQ,10/05/2013,73.05,69.87,68.68,1.19,0.66,67.28,61.39
QQQ,17/05/2013,74.30,70.67,69.21,1.46,0.76,69.85,62.93
QQQ,24/05/2013,73.41,71.17,69.61,1.56,0.86,65.90,65.36
QQQ,31/05/2013,73.25,71.55,69.96,1.59,0.95,65.19,66.69
QQQ,07/06/2013,73.39,71.88,70.28,1.60,1.03,65.54,66.75
QQQ,14/06/2013,72.28,71.96,70.47,1.48,1.09,60.41,65.38
QQQ,21/06/2013,70.43,71.68,70.47,1.21,1.10,53.00,62.01
QQQ,28/06/2013,71.27,71.60,70.55,1.06,1.10,55.65,59.96
QQQ,05/07/2013,72.58,71.78,70.74,1.04,1.09,59.46,58.81
QQQ,12/07/2013,75.30,72.42,71.17,1.25,1.11,65.97,58.90
QQQ,19/07/2013,74.59,72.82,71.50,1.32,1.13,63.14,59.44
QQQ,26/07/2013,75.37,73.28,71.87,1.41,1.17,64.91,61.82
QQQ,02/08/2013,76.97,73.95,72.35,1.60,1.22,68.27,64.35
QQQ,09/08/2013,76.49,74.41,72.75,1.66,1.28,66.23,65.70
QQQ,16/08/2013,75.48,74.61,73.01,1.60,1.32,62.06,64.92
QQQ,23/08/2013,76.67,74.98,73.36,1.62,1.36,64.85,65.26
QQQ,30/08/2013,75.47,75.07,73.56,1.51,1.38,60.07,64.30
QQQ,06/09/2013,76.93,75.41,73.88,1.53,1.40,63.57,63.36
QQQ,13/09/2013,78.06,75.89,74.28,1.61,1.42,66.04,63.32
QQQ,20/09/2013,78.99,76.45,74.73,1.73,1.46,67.96,64.50
QQQ,27/09/2013,79.07,76.93,75.14,1.79,1.50,68.12,65.15
QQQ,04/10/2013,79.40,77.38,75.55,1.83,1.54,68.84,66.91
QQQ,11/10/2013,79.23,77.72,75.90,1.82,1.58,68.00,67.79
QQQ,18/10/2013,82.15,78.52,76.49,2.03,1.63,73.86,69.36
QQQ,25/10/2013,82.90,79.32,77.10,2.22,1.71,75.12,70.79
QQQ,01/11/2013,82.81,79.95,77.65,2.31,1.78,74.65,72.09
QQQ,08/11/2013,82.54,80.42,78.11,2.31,1.85,73.21,72.97
QQQ,15/11/2013,83.96,81.07,78.67,2.40,1.92,75.84,74.54
QQQ,22/11/2013,83.99,81.60,79.18,2.42,1.98,75.90,74.94
QQQ,29/11/2013,85.73,82.35,79.80,2.55,2.05,78.82,75.68
QQQ,06/12/2013,86.00,83.01,80.39,2.62,2.12,79.24,76.60
QQQ,13/12/2013,84.85,83.35,80.82,2.53,2.17,72.69,76.50
QQQ,20/12/2013,86.50,83.92,81.36,2.56,2.22,75.77,76.48
QQQ,27/12/2013,87.52,84.57,81.94,2.63,2.27,77.45,76.79
QQQ,03/01/2014,86.64,84.95,82.39,2.56,2.31,72.77,75.58
QQQ,10/01/2014,87.30,85.38,82.86,2.52,2.34,74.03,74.54
QQQ,17/01/2014,87.88,85.83,83.34,2.50,2.36,75.12,75.03
QQQ,24/01/2014,86.74,86.00,83.66,2.34,2.35,69.05,73.68
QQQ,31/01/2014,86.27,86.05,83.91,2.14,2.33,66.67,71.53
QQQ,07/02/2014,87.30,86.27,84.23,2.04,2.29,69.16,70.81
QQQ,14/02/2014,89.81,86.92,84.76,2.15,2.27,74.21,70.84
QQQ,21/02/2014,89.93,87.47,85.26,2.21,2.27,74.42,70.70
QQQ,28/02/2014,90.34,87.99,85.74,2.25,2.26,75.17,71.93
QQQ,07/03/2014,90.53,88.45,86.20,2.25,2.26,75.53,73.70
QQQ,14/03/2014,88.67,88.49,86.43,2.06,2.24,65.60,72.99
QQQ,21/03/2014,89.00,88.58,86.68,1.91,2.20,66.44,71.43
QQQ,28/03/2014,87.05,88.30,86.71,1.59,2.12,57.55,68.06
QQQ,04/04/2014,86.37,87.95,86.68,1.27,2.01,54.81,63.99
QQQ,11/04/2014,84.11,87.25,86.43,0.82,1.86,46.87,58.25
QQQ,17/04/2014,86.20,87.06,86.41,0.65,1.71,53.54,55.84
QQQ,25/04/2014,86.19,86.90,86.39,0.51,1.56,53.50,53.25
QQQ,02/05/2014,87.49,87.01,86.50,0.51,1.43,57.33,53.21
QQQ,09/05/2014,86.80,86.97,86.52,0.45,1.31,54.77,53.20
QQQ,16/05/2014,87.71,87.11,86.64,0.47,1.20,57.45,55.32
QQQ,23/05/2014,89.88,87.61,86.95,0.66,1.14,63.06,57.22
QQQ,30/05/2014,91.31,88.28,87.36,0.92,1.11,66.20,59.76
QQQ,06/06/2014,92.82,89.11,87.88,1.23,1.12,69.17,62.13
QQQ,13/06/2014,92.32,89.69,88.30,1.39,1.16,67.08,64.59
QQQ,20/06/2014,92.77,90.25,88.73,1.52,1.20,68.01,66.70
QQQ,27/06/2014,93.75,90.89,89.21,1.68,1.26,69.99,68.09
QQQ,03/07/2014,95.70,91.76,89.83,1.94,1.35,73.50,69.55
QQQ,11/07/2014,95.27,92.40,90.34,2.06,1.44,71.52,70.02
QQQ,18/07/2014,96.12,93.08,90.89,2.18,1.53,73.05,71.22
QQQ,25/07/2014,96.74,93.74,91.45,2.29,1.62,74.14,72.44
QQQ,01/08/2014,94.67,93.91,91.76,2.15,1.69,64.79,71.40
QQQ,08/08/2014,94.90,94.09,92.06,2.03,1.73,65.31,69.77
QQQ,15/08/2014,97.40,94.69,92.57,2.13,1.78,70.41,69.54
QQQ,22/08/2014,99.05,95.48,93.18,2.30,1.85,73.19,69.57
QQQ,29/08/2014,99.78,96.27,93.81,2.45,1.92,74.34,69.61
QQQ,05/09/2014,99.89,96.92,94.39,2.53,2.00,74.52,71.55
QQQ,12/09/2014,99.48,97.39,94.88,2.51,2.06,72.53,73.00
QQQ,19/09/2014,99.98,97.86,95.36,2.50,2.12,73.46,73.61
QQQ,26/09/2014,98.78,98.03,95.69,2.34,2.15,67.61,72.49
QQQ,03/10/2014,98.17,98.05,95.92,2.13,2.14,64.80,70.58
QQQ,10/10/2014,94.44,97.40,95.78,1.61,2.08,50.94,65.87
QQQ,17/10/2014,93.00,96.60,95.52,1.08,1.95,46.80,60.72
QQQ,24/10/2014,98.62,96.96,95.81,1.15,1.85,60.30,58.09
QQQ,31/10/2014,101.40,97.77,96.34,1.43,1.80,65.00,57.57
QQQ,07/11/2014,101.60,98.47,96.85,1.62,1.78,65.32,57.67
QQQ,14/11/2014,103.22,99.33,97.45,1.88,1.79,67.84,61.05
QQQ,21/11/2014,103.87,100.16,98.06,2.09,1.83,68.82,65.46
QQQ,28/11/2014,106.01,101.22,98.82,2.40,1.90,71.84,67.76
QQQ,05/12/2014,105.38,101.98,99.45,2.53,1.98,69.71,68.71
QQQ,12/12/2014,102.67,102.10,99.75,2.35,2.03,61.34,67.91
QQQ,19/12/2014,104.32,102.51,100.19,2.32,2.06,64.15,67.17
QQQ,26/12/2014,105.04,102.97,100.65,2.32,2.09,65.33,66.47
QQQ,02/01/2015,102.94,102.96,100.87,2.09,2.09,59.24,63.95
QQQ,09/01/2015,102.62,102.90,101.03,1.87,2.07,58.36,61.68
QQQ,16/01/2015,100.82,102.52,101.01,1.51,2.00,53.53,60.12
QQQ,23/01/2015,104.26,102.84,101.32,1.51,1.94,60.26,59.34
QQQ,30/01/2015,101.10,102.52,101.30,1.22,1.85,52.74,56.83
QQQ,06/02/2015,103.13,102.63,101.48,1.16,1.76,56.48,56.27
QQQ,13/02/2015,106.91,103.41,101.99,1.42,1.72,62.41,57.08
QQQ,20/02/2015,108.41,104.32,102.60,1.71,1.72,64.47,59.27
QQQ,27/02/2015,108.40,105.06,103.16,1.90,1.74,64.45,60.11
QQQ,06/03/2015,107.41,105.49,103.56,1.93,1.76,61.88,61.94
QQQ,13/03/2015,105.34,105.46,103.73,1.73,1.76,56.81,62.00
QQQ,20/03/2015,108.53,106.02,104.19,1.83,1.77,61.96,61.91
QQQ,27/03/2015,105.52,105.93,104.31,1.61,1.75,55.29,60.08
QQQ,02/04/2015,105.12,105.78,104.39,1.39,1.70,54.46,58.08
QQQ,10/04/2015,107.75,106.14,104.71,1.43,1.67,58.83,57.47
QQQ,17/04/2015,106.01,106.12,104.84,1.28,1.62,55.08,57.13
QQQ,24/04/2015,110.54,106.92,105.38,1.54,1.61,61.86,57.11
QQQ,01/05/2015,109.05,107.31,105.73,1.58,1.61,58.74,57.80
QQQ,08/05/2015,108.69,107.56,106.01,1.55,1.60,57.98,58.50
QQQ,15/05/2015,109.58,107.93,106.35,1.58,1.60,59.37,58.61
QQQ,22/05/2015,110.47,108.39,106.74,1.65,1.60,60.76,59.74
QQQ,29/05/2015,110.05,108.69,107.06,1.63,1.61,59.73,59.31
QQQ,05/06/2015,109.30,108.80,107.27,1.53,1.60,57.84,59.14
QQQ,12/06/2015,108.75,108.79,107.41,1.38,1.57,56.45,58.83
QQQ,19/06/2015,109.89,108.99,107.65,1.34,1.54,58.66,58.69
QQQ,26/06/2015,109.27,109.04,107.80,1.24,1.50,56.97,57.93
QQQ,02/07/2015,107.95,108.84,107.82,1.03,1.44,53.46,56.68
QQQ,10/07/2015,107.65,108.63,107.80,0.83,1.37,52.67,55.64
QQQ,17/07/2015,113.59,109.53,108.35,1.18,1.34,63.98,57.15
QQQ,24/07/2015,111.10,109.81,108.61,1.20,1.33,57.78,56.97
QQQ,31/07/2015,111.95,110.20,108.93,1.27,1.32,59.22,57.42
QQQ,07/08/2015,110.31,110.22,109.06,1.16,1.30,55.31,57.79
QQQ,14/08/2015,110.51,110.27,109.20,1.07,1.27,55.69,58.40
QQQ,21/08/2015,102.40,108.84,108.55,0.29,1.15,40.60,53.72
QQQ,28/08/2015,105.62,108.26,108.27,-0.02,1.00,46.74,51.51
QQQ,04/09/2015,102.16,107.15,107.69,-0.54,0.81,41.77,48.02
QQQ,11/09/2015,105.57,106.86,107.49,-0.63,0.63,47.65,46.49
QQQ,18/09/2015,105.35,106.59,107.29,-0.70,0.46,47.32,44.81
QQQ,25/09/2015,102.92,105.92,106.87,-0.95,0.29,43.73,45.44
QQQ,02/10/2015,104.01,105.57,106.60,-1.02,0.12,45.71,45.23
QQQ,09/10/2015,106.53,105.75,106.59,-0.84,0.00,50.06,46.89
QQQ,16/10/2015,108.12,106.18,106.74,-0.56,-0.07,52.62,47.89
QQQ,23/10/2015,112.78,107.38,107.31,0.07,-0.05,59.20,50.26
QQQ,30/10/2015,113.33,108.46,107.89,0.58,0.03,59.91,53.50
QQQ,06/11/2015,114.79,109.61,108.54,1.07,0.16,61.78,56.71
QQQ,13/11/2015,109.84,109.65,108.67,0.99,0.26,52.81,57.26
QQQ,20/11/2015,114.48,110.53,109.22,1.31,0.39,58.82,58.50
QQQ,27/11/2015,114.31,111.22,109.70,1.51,0.53,58.52,58.37
QQQ,04/12/2015,115.14,111.93,110.22,1.71,0.68,59.58,58.30
QQQ,11/12/2015,110.79,111.72,110.28,1.45,0.78,52.15,56.37
QQQ,18/12/2015,109.83,111.38,110.23,1.15,0.82,50.66,55.94
QQQ,24/12/2015,112.59,111.60,110.46,1.14,0.86,54.66,55.11
QQQ,31/12/2015,111.86,111.65,110.59,1.05,0.89,53.43,54.09
QQQ,08/01/2016,104.01,110.26,109.97,0.29,0.81,42.45,50.67
QQQ,15/01/2016,100.84,108.55,109.10,-0.55,0.64,38.98,48.03
QQQ,22/01/2016,103.77,107.68,108.59,-0.91,0.45,43.55,46.61
QQQ,29/01/2016,104.13,107.03,108.16,-1.13,0.25,44.10,44.50
QQQ,05/02/2016,98.12,105.41,107.21,-1.80,-0.01,37.55,41.32
QQQ,12/02/2016,98.02,104.07,106.33,-2.26,-0.29,37.45,40.32
QQQ,19/02/2016,101.63,103.62,105.88,-2.26,-0.53,43.25,41.18
QQQ,26/02/2016,103.43,103.59,105.65,-2.06,-0.73,45.92,41.65
QQQ,04/03/2016,105.67,103.97,105.65,-1.69,-0.85,49.12,42.66
QQQ,11/03/2016,106.49,104.43,105.73,-1.31,-0.90,50.28,45.20
QQQ,18/03/2016,107.37,104.96,105.89,-0.93,-0.91,51.54,48.02
QQQ,24/03/2016,107.26,105.38,106.02,-0.64,-0.87,51.37,49.65
QQQ,01/04/2016,110.36,106.28,106.43,-0.15,-0.78,55.89,51.64
QQQ,08/04/2016,109.00,106.78,106.68,0.10,-0.67,53.55,52.52
QQQ,15/04/2016,110.64,107.48,107.05,0.43,-0.53,55.93,53.65
QQQ,22/04/2016,108.98,107.75,107.24,0.52,-0.40,52.98,53.94
QQQ,29/04/2016,105.72,107.38,107.09,0.29,-0.32,47.69,53.21
QQQ,06/05/2016,105.58,107.06,106.95,0.11,-0.26,47.48,51.53
QQQ,13/05/2016,105.50,106.77,106.81,-0.04,-0.24,47.34,50.29
QQQ,20/05/2016,106.47,106.72,106.78,-0.06,-0.21,49.19,48.94
QQQ,27/05/2016,110.13,107.34,107.10,0.24,-0.16,55.48,49.44
QQQ,03/06/2016,110.06,107.83,107.38,0.45,-0.08,55.34,50.97
QQQ,10/06/2016,108.94,108.03,107.53,0.51,-0.01,53.04,52.08
QQQ,17/06/2016,106.49,107.75,107.43,0.32,0.03,48.33,52.28
QQQ,24/06/2016,104.29,107.12,107.13,-0.01,0.03,44.52,51.34
QQQ,01/07/2016,108.08,107.30,107.22,0.08,0.03,51.56,50.56
QQQ,08/07/2016,110.30,107.84,107.51,0.33,0.07,55.14,50.52
QQQ,15/07/2016,111.80,108.56,107.92,0.64,0.14,57.41,51.39
QQQ,22/07/2016,113.65,109.49,108.47,1.02,0.25,60.09,53.74
QQQ,29/07/2016,115.23,110.53,109.11,1.42,0.40,62.26,57.29
QQQ,05/08/2016,116.78,111.67,109.84,1.83,0.58,64.29,59.84
QQQ,12/08/2016,117.20,112.67,110.54,2.13,0.77,64.85,61.78
QQQ,19/08/2016,117.26,113.51,111.18,2.32,0.97,64.93,63.28
QQQ,26/08/2016,116.78,114.10,111.72,2.39,1.14,63.64,63.99
QQQ,02/09/2016,117.12,114.65,112.23,2.42,1.30,64.18,64.38
QQQ,09/09/2016,114.28,114.58,112.43,2.16,1.41,56.67,62.85
QQQ,16/09/2016,117.29,115.08,112.89,2.19,1.51,61.75,62.23
QQQ,23/09/2016,118.33,115.67,113.41,2.26,1.60,63.34,61.92
QQQ,30/09/2016,118.72,116.22,113.91,2.31,1.69,63.95,61.98
QQQ,07/10/2016,118.47,116.63,114.35,2.28,1.76,63.23,61.79
QQQ,14/10/2016,117.14,116.72,114.61,2.11,1.81,59.45,62.34
QQQ,21/10/2016,118.15,116.98,114.95,2.03,1.84,61.33,62.26
QQQ,28/10/2016,117.10,117.00,115.15,1.85,1.84,58.31,61.25
QQQ,04/11/2016,113.65,116.39,115.01,1.38,1.78,49.71,58.41
QQQ,11/11/2016,115.80,116.29,115.09,1.20,1.71,54.22,56.60
QQQ,18/11/2016,117.32,116.47,115.30,1.18,1.64,57.13,56.14
QQQ,25/11/2016,118.80,116.90,115.63,1.26,1.59,59.80,55.83
QQQ,02/12/2016,115.70,116.68,115.64,1.04,1.52,52.47,54.66
QQQ,09/12/2016,119.50,117.19,116.01,1.19,1.48,59.06,56.54
QQQ,16/12/2016,119.60,117.63,116.35,1.28,1.46,59.22,57.54
QQQ,23/12/2016,120.20,118.10,116.72,1.38,1.45,60.22,58.15
QQQ,30/12/2016,118.48,118.17,116.88,1.28,1.43,56.01,57.40
QQQ,06/01/2017,121.93,118.85,117.36,1.49,1.43,61.75,59.25
QQQ,13/01/2017,123.16,119.63,117.92,1.72,1.47,63.57,60.15
QQQ,20/01/2017,123.25,120.29,118.42,1.87,1.52,63.70,61.05
QQQ,27/01/2017,125.80,121.29,119.13,2.17,1.60,67.37,62.48
QQQ,03/02/2017,125.68,122.09,119.75,2.34,1.69,67.03,64.68
QQQ,10/02/2017,127.38,123.05,120.48,2.58,1.80,69.39,66.21
QQQ,17/02/2017,129.81,124.28,121.37,2.91,1.94,72.41,67.98
QQQ,24/02/2017,130.26,125.37,122.21,3.15,2.09,72.94,69.83
QQQ,03/03/2017,131.02,126.40,123.05,3.34,2.25,73.85,71.12
QQQ,10/03/2017,131.39,127.30,123.85,3.46,2.40,74.30,72.58
QQQ,17/03/2017,131.69,128.10,124.59,3.51,2.54,74.68,73.63
QQQ,24/03/2017,130.63,128.56,125.17,3.39,2.65,70.73,73.30
QQQ,31/03/2017,132.38,129.26,125.85,3.40,2.74,73.23,73.36
QQQ,07/04/2017,131.97,129.75,126.44,3.31,2.81,71.69,72.93
QQQ,13/04/2017,130.40,129.87,126.81,3.05,2.84,66.01,71.27
QQQ,21/04/2017,132.56,130.36,127.36,3.00,2.86,69.57,70.25
QQQ,28/04/2017,135.99,131.38,128.18,3.20,2.90,74.17,70.93
QQQ,05/05/2017,137.54,132.50,129.07,3.43,2.97,75.93,71.47
QQQ,12/05/2017,138.60,133.61,129.98,3.63,3.05,77.08,72.55
QQQ,19/05/2017,137.84,134.38,130.73,3.65,3.13,74.36,74.22
QQQ,26/05/2017,141.22,135.62,131.73,3.89,3.22,78.05,75.92
QQQ,02/06/2017,143.46,137.05,132.85,4.20,3.34,80.08,77.10
QQQ,09/06/2017,139.98,137.58,133.53,4.05,3.43,69.38,75.79
QQQ,16/06/2017,138.15,137.68,133.97,3.72,3.47,64.52,73.28
QQQ,23/06/2017,141.24,138.33,134.66,3.67,3.49,68.51,72.11
QQQ,30/06/2017,137.64,138.21,134.94,3.26,3.47,60.07,68.51
QQQ,07/07/2017,137.76,138.12,135.21,2.91,3.40,60.25,64.54
QQQ,14/07/2017,142.12,138.85,135.87,2.98,3.34,66.04,63.88
QQQ,21/07/2017,144.11,139.81,136.65,3.15,3.32,68.29,64.63
QQQ,28/07/2017,143.84,140.54,137.34,3.20,3.31,67.64,64.46
QQQ,04/08/2017,143.65,141.11,137.94,3.17,3.29,67.16,65.87
QQQ,11/08/2017,142.10,141.29,138.34,2.95,3.25,63.20,66.46
QQQ,18/08/2017,141.23,141.28,138.61,2.66,3.17,61.03,65.46
QQQ,25/08/2017,141.97,141.40,138.93,2.47,3.09,62.21,64.25
QQQ,01/09/2017,146.00,142.24,139.60,2.63,3.03,67.88,64.30
QQQ,08/09/2017,144.21,142.60,140.04,2.55,2.97,63.36,63.54
QQQ,15/09/2017,146.06,143.23,140.62,2.61,2.92,65.88,64.07
QQQ,22/09/2017,144.32,143.43,140.97,2.46,2.87,61.61,64.19
QQQ,29/09/2017,145.45,143.79,141.40,2.40,2.81,63.27,64.40
QQQ,06/10/2017,147.66,144.50,141.99,2.50,2.77,66.31,64.08
QQQ,13/10/2017,148.34,145.20,142.60,2.60,2.75,67.21,64.85
QQQ,20/10/2017,148.71,145.83,143.18,2.66,2.74,67.71,65.22
QQQ,27/10/2017,151.24,146.82,143.95,2.87,2.75,70.95,67.09
QQQ,03/11/2017,153.27,147.99,144.83,3.16,2.80,73.27,69.09
QQQ,10/11/2017,153.68,149.02,145.68,3.35,2.87,73.72,70.57
QQQ,17/11/2017,153.95,149.92,146.46,3.46,2.94,74.03,71.94
QQQ,24/11/2017,156.26,151.07,147.40,3.68,3.04,76.57,73.71
QQQ,01/12/2017,154.49,151.69,148.07,3.62,3.11,70.88,73.69
QQQ,08/12/2017,154.70,152.24,148.70,3.54,3.16,71.16,73.27
QQQ,15/12/2017,157.65,153.22,149.56,3.67,3.23,74.71,73.47
QQQ,22/12/2017,157.37,153.98,150.30,3.68,3.28,73.79,73.42
QQQ,29/12/2017,155.76,154.30,150.82,3.48,3.31,68.56,71.82
QQQ,05/01/2018,161.92,155.69,151.88,3.81,3.37,75.64,72.77
QQQ,12/01/2018,164.49,157.29,153.08,4.21,3.47,77.86,74.11
QQQ,19/01/2018,166.34,158.93,154.34,4.59,3.61,79.32,75.03
QQQ,26/01/2018,170.93,161.11,155.92,5.19,3.81,82.41,76.76
QQQ,02/02/2018,164.61,161.75,156.75,5.00,3.96,67.55,76.56
QQQ,09/02/2018,156.10,160.72,156.69,4.04,3.97,53.61,72.15
QQQ,16/02/2018,164.96,161.49,157.48,4.02,3.98,62.29,69.04
QQQ,23/02/2018,168.17,162.71,158.49,4.21,4.01,64.85,66.14
QQQ,02/03/2018,165.99,163.30,159.21,4.10,4.02,61.80,62.02
QQQ,09/03/2018,173.16,165.10,160.54,4.56,4.08,67.22,61.95
QQQ,16/03/2018,171.02,166.17,161.53,4.64,4.15,64.30,64.09
QQQ,23/03/2018,158.51,164.78,161.25,3.53,4.08,50.55,61.74
QQQ,29/03/2018,160.13,163.93,161.14,2.79,3.92,51.98,59.17
QQQ,06/04/2018,156.63,162.61,160.71,1.90,3.66,48.73,56.56
QQQ,13/04/2018,161.37,162.38,160.77,1.61,3.41,52.99,53.71
QQQ,20/04/2018,162.30,162.37,160.92,1.45,3.16,53.80,51.61
QQQ,27/04/2018,162.09,162.32,161.03,1.29,2.93,53.58,52.21
QQQ,04/05/2018,164.87,162.78,161.40,1.38,2.73,56.15,53.05
QQQ,11/05/2018,169.46,164.00,162.16,1.83,2.62,60.07,55.32
QQQ,18/05/2018,167.46,164.63,162.67,1.96,2.54,57.67,56.25
QQQ,25/05/2018,169.72,165.55,163.34,2.21,2.50,59.62,57.42
QQQ,01/06/2018,172.74,166.86,164.24,2.62,2.51,62.13,59.13
QQQ,08/06/2018,174.44,168.24,165.21,3.03,2.58,63.50,60.60
QQQ,15/06/2018,176.98,169.83,166.33,3.50,2.69,65.49,61.68
QQQ,22/06/2018,175.32,170.83,167.18,3.64,2.81,63.08,62.76
QQQ,29/06/2018,171.65,170.98,167.61,3.37,2.88,58.01,62.44
QQQ,06/07/2018,175.61,171.82,168.37,3.45,2.95,61.58,62.33
QQQ,13/07/2018,179.61,173.23,169.44,3.79,3.06,64.81,62.60
QQQ,20/07/2018,178.99,174.28,170.35,3.93,3.17,63.92,62.28
QQQ,27/07/2018,177.62,174.89,171.04,3.84,3.25,61.90,62.05
QQQ,03/08/2018,180.08,175.83,171.90,3.93,3.34,64.08,63.26
QQQ,10/08/2018,180.52,176.68,172.72,3.96,3.41,64.48,63.84
QQQ,17/08/2018,179.86,177.26,173.40,3.86,3.47,63.37,63.55
QQQ,24/08/2018,182.48,178.21,174.27,3.94,3.53,65.86,63.94
QQQ,31/08/2018,186.65,179.75,175.45,4.30,3.62,69.41,65.44
QQQ,07/09/2018,181.11,179.99,175.99,4.01,3.67,60.46,64.72
QQQ,14/09/2018,183.99,180.72,176.75,3.97,3.71,63.11,64.44
QQQ,21/09/2018,183.71,181.26,177.41,3.85,3.73,62.67,64.30
QQQ,28/09/2018,185.79,182.09,178.21,3.88,3.75,64.62,64.06
QQQ,05/10/2018,180.15,181.73,178.39,3.34,3.69,56.10,61.40
QQQ,12/10/2018,174.32,180.39,178.01,2.38,3.53,48.96,59.09
QQQ,19/10/2018,173.02,179.05,177.53,1.52,3.28,47.51,55.97
QQQ,26/10/2018,166.66,176.79,176.50,0.30,2.91,41.14,51.67
QQQ,02/11/2018,169.38,175.45,175.82,-0.37,2.50,44.55,47.65
QQQ,09/11/2018,171.52,174.73,175.41,-0.68,2.10,47.13,45.86
QQQ,16/11/2018,167.50,173.42,174.66,-1.24,1.68,43.09,44.68
QQQ,23/11/2018,159.21,170.83,173.18,-2.35,1.18,36.24,42.43
QQQ,30/11/2018,169.37,170.57,172.82,-2.25,0.75,47.25,43.65
QQQ,07/12/2018,161.38,168.90,171.73,-2.83,0.30,41.25,42.99
QQQ,14/12/2018,161.08,167.48,170.72,-3.24,-0.14,41.04,41.77
QQQ,21/12/2018,147.57,163.86,168.51,-4.66,-0.71,32.95,39.75
QQQ,28/12/2018,152.97,161.88,167.03,-5.16,-1.26,38.17,40.13
QQQ,04/01/2019,156.23,160.85,166.00,-5.15,-1.75,41.13,38.91
QQQ,11/01/2019,160.69,160.82,165.50,-4.68,-2.11,45.00,39.66
QQQ,18/01/2019,165.25,161.63,165.47,-3.85,-2.33,48.69,41.19
QQQ,25/01/2019,165.15,162.27,165.44,-3.18,-2.44,48.61,44.32
QQQ,01/02/2019,167.45,163.21,165.63,-2.42,-2.44,50.53,46.79
QQQ,08/02/2019,168.56,164.18,165.91,-1.73,-2.35,51.47,48.86
QQQ,15/02/2019,171.94,165.59,166.49,-0.89,-2.17,54.29,50.72
QQQ,22/02/2019,172.89,166.92,167.10,-0.18,-1.92,55.08,51.99
QQQ,01/03/2019,174.39,168.28,167.79,0.49,-1.62,56.35,53.54
QQQ,08/03/2019,171.17,168.80,168.11,0.69,-1.33,52.90,54.02
QQQ,15/03/2019,178.35,170.54,169.09,1.45,-0.98,58.91,55.51
QQQ,22/03/2019,178.56,172.00,169.99,2.01,-0.61,59.07,56.46
QQQ,29/03/2019,179.66,173.39,170.91,2.48,-0.22,59.96,57.44
QQQ,05/04/2019,184.66,175.44,172.22,3.22,0.21,63.81,58.93
QQQ,12/04/2019,185.83,177.33,173.52,3.81,0.66,64.66,61.28
QQQ,18/04/2019,187.39,179.16,174.84,4.32,1.12,65.81,62.66
QQQ,26/04/2019,190.65,181.25,176.34,4.90,1.59,68.13,64.48
QQQ,03/05/2019,191.11,183.04,177.75,5.29,2.05,68.46,66.18
QQQ,10/05/2019,185.00,183.40,178.44,4.96,2.42,59.81,65.38
QQQ,17/05/2019,183.04,183.33,178.88,4.45,2.67,57.32,63.91
QQQ,24/05/2019,178.16,182.39,178.81,3.58,2.78,51.60,61.06
QQQ,31/05/2019,173.95,180.86,178.35,2.51,2.75,47.23,56.88
QQQ,07/06/2019,181.04,180.89,178.60,2.29,2.69,54.22,54.04
QQQ,14/06/2019,182.64,181.21,178.99,2.22,2.63,55.64,53.20
QQQ,21/06/2019,188.57,182.55,179.90,2.65,2.63,60.50,53.84
QQQ,28/06/2019,186.74,183.31,180.55,2.76,2.65,58.38,55.19
QQQ,05/07/2019,191.05,184.72,181.55,3.16,2.71,61.76,58.10
QQQ,12/07/2019,193.53,186.32,182.69,3.63,2.83,63.58,59.97
QQQ,19/07/2019,191.01,187.17,183.48,3.69,2.94,60.45,60.93
QQQ,26/07/2019,195.29,188.65,184.61,4.04,3.07,63.70,61.57
QQQ,02/08/2019,187.35,188.41,184.87,3.54,3.13,54.75,60.85
QQQ,09/08/2019,186.49,188.06,185.02,3.04,3.12,53.87,59.27
QQQ,16/08/2019,185.48,187.59,185.07,2.53,3.05,52.80,57.11
QQQ,23/08/2019,182.07,186.59,184.78,1.81,2.89,49.27,54.88
QQQ,30/08/2019,187.47,186.75,185.04,1.71,2.74,54.44,53.02
QQQ,06/09/2019,191.59,187.63,185.66,1.97,2.65,57.94,53.66
QQQ,13/09/2019,192.54,188.52,186.32,2.20,2.59,58.72,54.63
QQQ,20/09/2019,190.80,188.94,186.74,2.19,2.54,56.65,55.40
QQQ,27/09/2019,187.03,188.59,186.77,1.82,2.45,52.36,56.02
QQQ,04/10/2019,188.81,188.63,186.97,1.66,2.35,54.12,55.96
QQQ,11/10/2019,191.11,189.08,187.36,1.72,2.27,56.35,55.64
QQQ,18/10/2019,191.69,189.56,187.77,1.78,2.21,56.91,55.28
QQQ,25/10/2019,195.64,190.66,188.52,2.14,2.20,60.64,56.08
QQQ,01/11/2019,198.87,192.15,189.51,2.65,2.26,63.41,58.29
QQQ,08/11/2019,201.23,193.80,190.62,3.18,2.37,65.32,60.52
QQQ,15/11/2019,202.91,195.46,191.79,3.67,2.54,66.64,62.58
QQQ,22/11/2019,201.83,196.62,192.75,3.87,2.70,64.93,64.19
QQQ,29/11/2019,205.10,198.16,193.93,4.23,2.89,67.63,65.59
QQQ,06/12/2019,205.00,199.40,194.98,4.42,3.08,67.46,66.40
QQQ,13/12/2019,207.19,200.82,196.14,4.68,3.28,69.27,67.19
QQQ,20/12/2019,211.71,202.80,197.63,5.17,3.52,72.64,68.39
QQQ,27/12/2019,213.61,204.77,199.15,5.62,3.78,73.93,70.19
QQQ,03/01/2020,214.18,206.48,200.58,5.90,4.05,74.32,71.53
QQQ,10/01/2020,218.43,208.65,202.28,6.37,4.34,77.05,73.44
QQQ,17/01/2020,223.38,211.33,204.29,7.04,4.67,79.74,75.54
QQQ,24/01/2020,222.70,213.40,206.04,7.35,5.01,78.39,76.69
QQQ,31/01/2020,219.07,214.43,207.28,7.14,5.28,71.46,76.19
QQQ,07/02/2020,229.20,217.11,209.37,7.74,5.58,77.43,76.81
QQQ,14/02/2020,234.64,220.30,211.78,8.52,5.95,79.85,77.37
QQQ,21/02/2020,230.27,222.11,213.54,8.57,6.28,73.09,76.04
QQQ,28/02/2020,205.80,219.15,212.80,6.35,6.29,48.48,70.06
QQQ,06/03/2020,208.02,217.12,212.35,4.78,6.10,50.11,65.79
QQQ,13/03/2020,192.34,212.62,210.44,2.18,5.61,40.42,58.39
QQQ,20/03/2020,170.70,205.00,206.66,-1.66,4.70,31.43,48.71
QQQ,27/03/2020,185.30,201.42,204.62,-3.21,3.71,40.93,42.28
QQQ,03/04/2020,183.37,198.13,202.60,-4.46,2.69,40.14,40.61
QQQ,09/04/2020,200.86,198.63,202.43,-3.80,1.88,49.56,40.50
QQQ,17/04/2020,215.29,201.66,203.66,-2.00,1.39,55.72,43.56
QQQ,24/04/2020,213.84,203.87,204.63,-0.75,1.13,55.00,48.27
QQQ,01/05/2020,212.74,205.49,205.40,0.09,1.00,54.43,50.97
QQQ,08/05/2020,224.86,209.01,207.25,1.76,1.09,59.43,54.83
QQQ,15/05/2020,223.27,211.60,208.78,2.82,1.31,58.52,56.62
QQQ,22/05/2020,229.66,214.88,210.77,4.12,1.66,61.07,57.69
QQQ,29/05/2020,233.36,218.24,212.92,5.33,2.12,62.50,59.19
QQQ,05/06/2020,239.69,222.14,215.47,6.67,2.69,64.86,61.28
QQQ,12/06/2020,235.88,224.64,217.41,7.23,3.25,62.33,61.86
QQQ,19/06/2020,244.24,228.20,219.97,8.24,3.88,65.50,63.25
QQQ,26/06/2020,240.22,230.39,221.90,8.49,4.45,62.78,63.59
QQQ,02/07/2020,252.19,234.35,224.78,9.57,5.09,67.13,64.52
QQQ,10/07/2020,263.97,239.74,228.51,11.22,5.86,70.74,65.69
QQQ,17/07/2020,259.42,243.32,231.46,11.86,6.61,67.66,66.76
QQQ,24/07/2020,255.56,245.54,233.75,11.79,7.26,65.09,66.68
QQQ,31/07/2020,265.79,249.22,236.80,12.42,7.90,68.49,67.82
QQQ,07/08/2020,271.47,253.27,240.11,13.16,8.56,70.22,68.44
QQQ,14/08/2020,272.16,256.70,243.16,13.55,9.18,70.43,68.38
QQQ,21/08/2020,281.87,261.28,246.84,14.43,9.84,73.28,69.50
QQQ,28/08/2020,292.53,266.96,251.20,15.77,10.58,76.00,71.69
QQQ,04/09/2020,283.58,269.98,254.28,15.70,11.22,69.62,71.91
QQQ,11/09/2020,270.45,270.07,255.82,14.25,11.60,61.51,70.17
QQQ,18/09/2020,266.87,269.49,256.87,12.61,11.73,59.48,67.98
QQQ,25/09/2020,271.56,269.86,258.27,11.59,11.71,61.27,65.58
QQQ,02/10/2020,274.31,270.67,259.80,10.87,11.60,62.32,62.84
QQQ,09/10/2020,285.71,273.41,262.27,11.14,11.55,66.35,62.19
QQQ,16/10/2020,288.51,276.15,264.77,11.39,11.53,67.28,63.34
QQQ,23/10/2020,284.74,277.71,266.67,11.05,11.47,64.72,64.39
QQQ,30/10/2020,269.38,276.20,266.93,9.27,11.19,55.50,63.23
QQQ,06/11/2020,294.61,279.55,269.56,9.98,11.04,64.42,63.65
QQQ,13/11/2020,290.93,281.62,271.60,10.02,10.91,62.46,62.87
QQQ,20/11/2020,290.38,283.21,273.39,9.82,10.78,62.16,61.85
QQQ,27/11/2020,299.01,286.08,275.83,10.26,10.71,65.01,61.91
QQQ,04/12/2020,305.52,289.62,278.65,10.96,10.74,67.01,64.21
QQQ,11/12/2020,301.85,291.84,280.86,10.98,10.77,64.77,64.28
QQQ,18/12/2020,310.06,295.15,283.64,11.51,10.86,67.39,65.27
QQQ,24/12/2020,309.56,297.77,286.11,11.66,10.96,67.06,66.25
QQQ,31/12/2020,313.74,300.68,288.74,11.93,11.08,68.42,66.93
QQQ,08/01/2021,319.03,304.01,291.63,12.38,11.25,70.10,67.55
QQQ,15/01/2021,311.86,305.44,293.56,11.88,11.33,65.08,67.61
QQQ,22/01/2021,325.42,309.07,296.59,12.48,11.47,69.51,68.04
QQQ,29/01/2021,314.56,310.07,298.30,11.77,11.51,62.69,67.16
QQQ,05/02/2021,331.36,313.94,301.45,12.49,11.63,67.91,67.06
QQQ,12/02/2021,336.45,318.03,304.78,13.25,11.83,69.30,66.90
QQQ,19/02/2021,331.02,320.39,307.28,13.11,11.99,66.02,67.08
QQQ,26/02/2021,314.14,319.26,307.94,11.32,11.91,57.04,64.59
QQQ,05/03/2021,308.68,317.33,308.01,9.33,11.59,54.47,62.95
QQQ,12/03/2021,315.46,316.99,308.72,8.28,11.17,57.04,60.77
QQQ,19/03/2021,313.14,316.29,309.14,7.16,10.67,55.88,58.09
QQQ,26/03/2021,316.00,316.24,309.79,6.45,10.14,57.04,56.29
QQQ,01/04/2021,324.57,317.75,311.20,6.56,9.69,60.36,56.96
QQQ,09/04/2021,337.11,321.27,313.67,7.61,9.43,64.65,58.99
QQQ,16/04/2021,342.01,325.04,316.37,8.68,9.34,66.18,60.82
QQQ,23/04/2021,339.42,327.66,318.56,9.10,9.31,64.60,62.56
QQQ,30/04/2021,337.99,329.54,320.41,9.12,9.29,63.69,63.90
QQQ,07/05/2021,334.20,330.38,321.72,8.66,9.21,61.26,64.08
QQQ,14/05/2021,326.39,329.66,322.17,7.49,8.99,56.50,62.45
QQQ,21/05/2021,327.01,329.18,322.63,6.55,8.69,56.79,60.57
QQQ,28/05/2021,333.93,330.04,323.71,6.33,8.39,59.93,59.64
QQQ,04/06/2021,335.60,331.05,324.84,6.21,8.12,60.67,59.03
QQQ,11/06/2021,341.24,332.90,326.40,6.50,7.92,63.14,59.41
QQQ,18/06/2021,342.63,334.67,327.95,6.73,7.77,63.74,60.85
QQQ,25/06/2021,349.46,337.36,330.00,7.37,7.72,66.60,62.82
QQQ,02/07/2021,358.64,341.23,332.72,8.51,7.82,70.01,64.83
QQQ,09/07/2021,361.01,344.83,335.42,9.41,8.02,70.83,66.86
QQQ,16/07/2021,357.60,347.15,337.53,9.62,8.22,67.96,67.83
QQQ,23/07/2021,368.20,350.98,340.45,10.53,8.51,71.77,69.43
QQQ,30/07/2021,364.57,353.45,342.75,10.70,8.78,68.77,69.87
QQQ,06/08/2021,368.05,356.10,345.16,10.94,9.05,70.06,69.88
QQQ,13/08/2021,368.82,358.42,347.41,11.00,9.29,70.35,69.78
QQQ,20/08/2021,367.73,360.11,349.35,10.76,9.48,69.33,70.05
QQQ,27/08/2021,376.04,363.01,351.89,11.12,9.68,72.57,70.21
QQQ,03/09/2021,381.57,366.38,354.72,11.67,9.93,74.49,71.36
QQQ,10/09/2021,376.59,368.24,356.80,11.44,10.12,69.77,71.30
QQQ,17/09/2021,373.83,369.25,358.42,10.83,10.21,67.24,70.68
QQQ,24/09/2021,373.33,369.99,359.84,10.15,10.20,66.77,70.17
QQQ,01/10/2021,360.18,368.21,359.87,8.34,9.97,55.79,66.82
QQQ,08/10/2021,361.16,366.93,360.00,6.93,9.59,56.36,63.19
QQQ,15/10/2021,368.94,367.29,360.85,6.45,9.20,60.70,61.37
QQQ,22/10/2021,374.10,368.53,362.11,6.42,8.85,63.29,60.58
QQQ,29/10/2021,386.11,371.73,364.40,7.33,8.66,68.47,60.92
QQQ,05/11/2021,398.60,376.61,367.65,8.96,8.70,72.76,64.32
QQQ,12/11/2021,394.70,379.90,370.23,9.67,8.82,69.59,66.96
QQQ,19/11/2021,403.99,384.28,373.44,10.84,9.07,72.63,69.35
QQQ,26/11/2021,391.20,385.54,375.14,10.40,9.24,63.30,69.35
QQQ,03/12/2021,383.13,385.10,375.90,9.20,9.23,58.24,67.31
QQQ,10/12/2021,398.01,387.45,378.00,9.45,9.26,63.94,65.54
QQQ,17/12/2021,384.91,386.99,378.66,8.33,9.14,56.65,62.95
QQQ,23/12/2021,396.92,388.79,380.40,8.39,9.05,61.01,60.63
QQQ,31/12/2021,397.85,390.44,382.06,8.38,8.97,61.34,60.24
QQQ,07/01/2022,379.86,388.52,381.85,6.66,8.68,52.35,59.06
QQQ,14/01/2022,380.01,386.97,381.68,5.29,8.26,52.41,56.75
QQQ,21/01/2022,351.69,380.56,378.82,1.73,7.44,41.45,53.71
QQQ,28/01/2022,351.80,375.33,376.25,-0.92,6.40,41.50,49.81
QQQ,04/02/2022,358.01,372.18,374.51,-2.33,5.30,44.43,46.43
QQQ,11/02/2022,347.06,367.61,371.90,-4.28,4.11,40.59,44.08
QQQ,18/02/2022,341.51,362.87,369.00,-6.14,2.83,38.78,41.35
QQQ,25/02/2022,345.77,359.76,366.79,-7.03,1.59,40.95,41.25
QQQ,04/03/2022,337.30,355.67,363.98,-8.31,0.36,38.07,40.56
QQQ,11/03/2022,324.40,349.99,360.21,-10.22,-0.97,34.15,38.51
QQQ,18/03/2022,351.49,350.26,359.38,-9.12,-1.99,46.53,39.70
QQQ,25/03/2022,359.35,351.91,359.38,-7.46,-2.67,49.49,41.84
QQQ,01/04/2022,361.85,353.72,359.61,-5.89,-3.07,50.42,43.73
QQQ,08/04/2022,349.15,352.89,358.62,-5.73,-3.41,45.81,45.28
QQQ,14/04/2022,338.43,350.26,356.69,-6.43,-3.78,42.32,46.91
QQQ,22/04/2022,325.40,345.74,353.71,-7.97,-4.31,38.49,45.31
QQQ,29/04/2022,313.25,339.83,349.86,-10.03,-5.02,35.30,42.47
QQQ,06/05/2022,309.25,334.27,345.99,-11.72,-5.86,34.30,39.25
QQQ,13/05/2022,301.94,328.39,341.80,-13.40,-6.80,32.50,36.58
QQQ,20/05/2022,288.68,321.17,336.74,-15.57,-7.90,29.48,34.01
QQQ,27/05/2022,309.10,318.98,334.11,-15.13,-8.80,38.85,34.08
QQQ,03/06/2022,306.20,316.65,331.45,-14.79,-9.55,38.08,34.64
QQQ,10/06/2022,288.84,311.60,327.39,-15.79,-10.33,33.78,34.54
QQQ,17/06/2022,274.69,304.89,322.37,-17.48,-11.23,30.76,34.19
QQQ,24/06/2022,294.61,303.02,319.73,-16.71,-11.91,39.00,36.09
QQQ,01/07/2022,282.13,299.22,316.15,-16.93,-12.54,36.12,35.55
QQQ,08/07/2022,295.35,298.52,314.17,-15.65,-12.93,41.07,36.14
QQQ,15/07/2022,291.87,297.31,312.04,-14.73,-13.15,40.19,37.43
QQQ,22/07/2022,301.99,298.16,311.09,-12.93,-13.12,43.93,40.06
QQQ,29/07/2022,315.46,301.31,311.50,-10.20,-12.76,48.51,41.96
QQQ,05/08/2022,321.75,305.02,312.48,-7.46,-12.10,50.54,44.85
QQQ,12/08/2022,330.39,309.63,314.18,-4.55,-11.15,53.24,47.28
QQQ,19/08/2022,322.86,312.04,315.01,-2.97,-10.13,50.66,49.38
QQQ,26/08/2022,307.44,311.20,314.29,-3.09,-9.25,45.77,49.75
QQQ,02/09/2022,295.17,308.29,312.47,-4.18,-8.62,42.30,48.50
QQQ,09/09/2022,307.09,308.07,311.96,-3.89,-8.02,46.53,47.70
QQQ,16/09/2022,289.32,304.66,309.80,-5.14,-7.66,41.65,45.38
QQQ,23/09/2022,275.51,299.36,306.53,-7.17,-7.60,38.31,42.91
QQQ,30/09/2022,267.26,293.52,302.79,-9.27,-7.81,36.44,41.05
QQQ,07/10/2022,269.10,289.08,299.59,-10.50,-8.15,37.17,40.02
QQQ,14/10/2022,260.74,283.93,295.89,-11.96,-8.62,35.20,37.76
QQQ,21/10/2022,275.42,282.38,293.94,-11.55,-8.99,41.09,37.64
QQQ,28/10/2022,281.22,282.17,292.73,-10.55,-9.19,43.27,38.64
QQQ,04/11/2022,264.68,278.99,290.05,-11.06,-9.42,38.87,39.12
QQQ,11/11/2022,287.96,280.62,289.85,-9.23,-9.40,47.00,41.09
QQQ,18/11/2022,284.82,281.39,289.38,-7.99,-9.22,46.12,43.27
